질병명,증상키워드,관련질환,정의,원인,증상설명,진단,치료,키워드,토큰키워드,진료과,군집명
급성 위장염(Acute gastroenteritis),"구토, 설사, 복부 통증, 열, 탈수, 복부팽만감, 두통","대장균 감염, 세균성 이질, 바이러스성 장염, 아메바성 이질, 식중독, 장출혈성 대장균 감염증, 위막성 대장염","급성 위장염은 바이러스, 박테리아, 기생충 등으로 인해 위와 장에 염증이 생기는 질환을 의미합니다.","급성 위장염은 바이러스, 박테리아, 기생충과 같은 원인균이 음식이나 사람과 접촉하여 전염되면서 발생합니다. 흔한 원인균으로는 대장균(E. coli), 로타 바이러스(Rota virus), 살모넬라, 이질균 등이 있습니다.","위와 장의 염증으로 인해 설사와 구토가 생깁니다. 설사로 인해 항문이 헐고, 구토와 설사로 인해 복부에 가스가 차서 복부 팽만감이 생깁니다. 탈수 증상으로 인해 기운이 없으며, 복부에 심한 통증이 생깁니다. 고열로 인해 두통이 발생하기도 합니다.",탈수로 인한 체액 변화와 세균 감염을 알아보기 위해 혈액 검사와 대변 검사를 시행합니다.,구토와 설사가 심하면 탈수가 발생하여 몸속의 염분과 칼륨 등 전해질이 균형을 이루지 못하므로 수액을 공급합니다. 구토가 심하면 일정 기간 금식을 할 수도 있습니다. 원인균이 발견되거나 의심되면 항생제를 사용합니다. 전염성이 심할 경우에는 격리합니다.,구토 설사 복부 통증 열 탈수 복부 팽만감 두통 대장균 감염 세균성 이질 바이러스성 장염 아메바성 이질 식중독 장 출혈성 대장균 감염증 위막성 대장염 급성 위장염은 바이러스 박테리아 기생충 등으로 인해 위와 장에 염증이 생기는 질환을 의 미합니다. 위와 장의 염증으로 인해 설사와 구토가 생깁니다. 설사로 인해 항문이 헐고 구토와 설사로 인해 복부에 가스가 차 서 복부 팽만감이 생깁니다. 탈수 증상으로 인해 기운이 없으며 복부에 심한 통증이 생깁니다. 고 열로 인해 두통이 발생하기도 합니다.,기운 아메바 박테리아 두통 복부 위막 감염증 통증 식중독 급성 구토 대장균 위장염 증상 질환 장의 기생충 팽만감 출혈 세균 감염 염증 이질 장염 항문 대장염 바이러스 발생 가스 탈수,가정의학과,0
원인을 알 수 없는 열(Fever of unknown origin),"오한, 발진, 구토, 근육통, 오심, 열","류마티스 관절염, 전신 홍반성 낭창, 대장암, 간세포성 암종, 상기도 감염, 감염성 단핵구증, 장티푸스, 간농양, 신세포암종, 결핵",원인을 알 수 없는 열이란 38℃ 이상의 발열이 3주 이상 지속되어 입원 후 1주일 동안 모든 검사를 했는데도 발열의 원인을 찾지 못하는 질환입니다. 의학적으로 열이 나는 원인을 알 수 없다고 해서 이러한 병명을 붙였습니다.,"열의 정확한 원인이 적절한 검사로 밝혀지지 않는 경우가 20~30% 정도 있습니다. 열의 원인이 밝혀지는 경우는 주로 감염, 류마티스성 질환, 종양에 의한 것입니다. 즉, 간농양, 결핵, 장티푸스, 전염성 단핵구증 등 감염 질환, 스틸씨병, 전신성 홍반성 낭창 등 류마티스성 질환, 대장암, 간암, 신장암 등 종양이 원인을 알 수 없는 열의 원인입니다. 비교적 흔한 질병입니다.","38℃ 이상의 발열이 3주 이상 지속되는 경우, 발열과 함께 발진, 오한, 근육통, 구역, 구토 등의 증상이 동반되는 경우가 많습니다. 이러한 동반 증상, 발열의 패턴, 발열이 생길 때의 맥박수 등은 감별 진단에 도움이 됩니다. 이러한 증상과 증후를 의사에게 상세하게 알려 주는 것이 좋습니다.","일반적으로 전산화 단층촬영(CT), 내시경 검사, 심초음파 검사, 핵의학 검사, 조직 검사, 골수 검사, 혈액 배양 검사, 소변 검사 등을 시행합니다.","원인을 알 수 없는 열은 다양한 질환을 총망라한 질환군이기 때문에, 일률적인 치료 방침이 정해져 있지 않습니다. 원인이 밝혀진 경우는 그 원인을 치료하면 발열이 호전되는 경우가 많습니다. 발열의 원인이 밝혀지지 않은 경우 해열제나 소염진통제를 사용합니다. 일반적으로 예후가 좋은 것으로 알려져 있습니다.",오한 발진 구토 근육통 오심 열 류마티스 관절염 전신 홍반성 낭창 대장암 간세포성 암종 상기도 감염 감염성 단핵구증 장티푸스 간 농양 신세포암종 결핵 원인을 알 수 없는 열이란 38℃ 이상의 발열이 3주 이상 지속되어 입원 후 1주일 동안 모든 검사를 했는데도 발열의 원인을 찾지 못하는 질환입니다. 의학적으로 열이 나는 원인을 알 수 없다고 해서 이러한  병명을 붙였습니다. 38℃ 이상의 발열이 3주 이상 지속되는 경우 발열과 함께 발진 오한 근육통 구역 구토 등의 증상이 동반되는 경우가 많습니다. 이러한 동반 증상 발열의 패턴 발열이 생길 때의 맥박수 등은 감별 진단에 도움이 됩니다. 이러한 증상과 증후를 의사에게 상세하게 알려 주는 것이 좋습니다.,관절염 오한 맥박수 패턴 주일 반성 상기 모든 상세 감별 구토 단핵구 증상 지속 발열 질환 검사 병명 낭창 동반 장티푸스 결핵 구역 원인 감염 간세포 농양 세포 의학 진단 전신 근육통 오심 발진 증후 도움 류마티스 의사 대장암 입원,가정의학과,2
바이러스성 장염(Viral enteritis(Rota)),"열, 설사, 기침, 구토, 콧물, 탈수","급성 위장염, 식중독, 노로바이러스 장염, 대장염","장염은 장에 염증을 일으키는 질환을 의미합니다. 이는 발병 원인에 따라서 바이러스성 장염과 세균성 장염으로 구분됩니다. 아기들이 걸리는 장염은 대체로 바이러스성 장염입니다. 이러한 장염 중 가장 흔하고 유명한 것은 '로타 바이러스'에 의한 장염입니다. 로타 바이러스에 의한 바이러스성 장염은 11월~3월 사이의 추운 계절에 많이 발생하며, 생후 3~24개월 사이에 가장 많이 발생합니다. 이 장염은 전염성이 강하여 종족, 문화, 경제적 여건과 관계없이 거의 모든 아이를 감염시키며, 질병의 발생도 예측하기 어렵습니다. 이 장염은 전 세계에서 나타납니다. 현재 위생 상태가 좋아지면서 이 장염의 발생 빈도가 감소하고 있습니다.","로타 바이러스 장염의 원인균은 로타 바이러스(Rotavirus)입니다. 이 바이러스는 전 세계 영유아에게 발생하는 위장관염의 가장 흔한 원인 바이러스입니다. 이 바이러스를 현미경으로 관찰하면, 테두리에 짧은 바큇살을 갖는 수레바퀴처럼 생겼다고 하여 휠(wheel)을 뜻하는 라틴어 '로타(rota)'라고 명명하였습니다. 로타 바이러스는 오염된 음료수, 음식, 손, 입, 대변의 접촉을 통해 전염되며, 호흡기를 통한 공기 전파의 가능성도 있습니다. 이 바이러스는 전염성이 강하여 적은 수의 바이러스만으로도 쉽게 다른 사람을 감염시킵니다. 산후조리원, 어린이집 등 사람이 많은 곳에서 쉽게 전염됩니다. 로타 바이러스는 장난감 등과 같이 딱딱한 물체에서도 수 주 동안 생존하므로, 물고 빠는 것은 좋아하는 아이의 입을 통해 감염될 수 있습니다.","로타 바이러스에 감염되면 1~3일의 잠복기를 거친 후 발열, 콧물, 기침 등의 감기 증세가 먼저 나타납니다. 이어서 물만 먹어도 토하는 심한 구토 증세가 뒤따릅니다. 이러한 증상으로 인해 체하거나 감기에 걸린 것으로 오해하여 적절한 치료를 시행하지 못하는 경우가 있습니다. 
24시간 이내에 20회 이상의 설사 및 구토를 유발합니다. 심각한 경우에는 9일 동안 설사가 계속될 수 있습니다. 지속적인 구토 및 설사로 인해 심한 탈수 증세와 체내 전해질의 불균형이 발생하면서 로타 바이러스에 감염된 아이는 심한 육체적, 정신적 스트레스를 겪습니다.","로타 바이러스에 의한 장염은 다른 병원체에 의한 위장관염의 증상과 유사하여 임상 증상만을 통해 다른 위장관염과 구별하기 어렵습니다. 정확한 진단을 위해서는 실험실 검사를 통한 병원체 확인이 필요합니다. 대표적인 검사법으로는 대변 검체, 바이러스 항원이 존재하는지를 직접 확인하는 면역효소법(EIA)이 있습니다. 다른 방법으로는 전자 현미경과 면역전자 현미경을 사용하는 방법, 분자생물학적 진단법인 역전사 중합효소연쇄반응 검사법(RT-PCR)을 통해 로타 바이러스의 특이 유전자가 존재하는지를 확인하는 방법이 있습니다.","로타 바이러스성 장염에는 다른 바이러스성 질환과 같이 근본적으로 완치시킬 수 있는 약이 없습니다. 이 장염에 의해 나타나는 증상을 완화하기 위한 치료를 시행합니다. 
환자가 구토, 설사를 많이 하면서 먹는 양이 줄어들면 탈수 증상이 발생할 수 있으므로, 탈수증 예방이 가장 중요합니다. 구토, 설사가 심하면 수액(수분과 전해질)과 영양을 공급하기 위해 입원 치료가 필요합니다. 발열이 있다면 해열제를 먹으면서 열을 조절해야 합니다.",열 설사 기침 구토 콧물 탈수 급성 위장염 식중독 노로바이러스 장염 대장염 장염은 장에 염증을 일으키는 질환을 의 미합니다. 이는 발병 원인에 따라서 바이러스성 장염과 세균성 장염으로 구분됩니다. 아기들이 걸리는 장염은 대체로 바이러스성 장염입니다. 이러한 장염 중 가장 흔하고 유명한 것은 '로타 바이러스'에 의 한 장염입니다. 로타 바이러스에 의 한 바이러 스성 장염은 11월~3월 사이의 추운 계절에 많이 발생하며 생 후 3~24개월 사이에 가장 많이 발생합니다. 이 장염은 전염성이 강하여 종족 문화 경제적 여건과 관계 없이 거의 모든 아이를 감염시키며 질병의 발생도 예측하기 어렵습니다. 이 장염은 전 세계에서 나타납니다. 현재 위생 상태가 좋아지면서 이 장염의 발생 빈도가 감소하고 있습니다. 로타 바이러스에  감염되면 1~3일의 잠복기를 거친 후 발열 콧물 기침 등의 감기 증세가 먼저 나타납니다. 이어서 물만 먹어도 토하는 심한 구토 증세가 뒤 따릅니다. 이러한 증상으로 인해 체하거나 감기에 걸린 것으로 오해하여 적절한 치료를 시행하지 못하는 경우가 있습니다. 24시간 이내에 20회 이상의 설사 및 구토를 유발합니다. 심각한 경우에는 9일 동안 설사가 계속 될 수 있습니다. 지속적인 구토 및 설사로 인해 심한 탈수 증세와 체내 전해질의 불균형이 발생하면서 로타 바이러스에 감염된 아이는 심한 육체적 정신적 스트레스를 겪습니다.,거나 이내 개월 상태 위생 문화 빈도 노로바이러스 계절 모든 현재 발병 스트레스 식중독 급성 감기 구토 위장염 증상 오해 종족 세계 질환 관계 발열 지속 예측 먼저 사이 전염 세균 원인 기침 로타 정신 염증 경제 구분 대체로 감염 감소 장염 질병 체내 아기 콧물 대장염 여건 시행 바이러스 발생 계속 육체 치료 불균형 전해질 증세 탈수 가장 스성 잠복기 유발,가정의학과,2
골다공증(Osteoporosis),"관절통, 척추 후만, 골절, 신장 감소","쿠싱 증후군, 부갑상선기능항진증, 폐경기 및 여성의 갱년기 상태, 폐경, 병리적 골절, 다발골수종, 부신 종양","'골다공'은 뼛속에 구멍이 많이 생긴다는 뜻이며, 골다공증은 뼈의 양이 줄어들어 뼈가 얇아지고 약해져 잘 부러지는 질환을 의미합니다. 사춘기에 성인 골량의 90%가 형성되고, 35세부터 골량이 서서히 줄어들다가 50세 전후에 폐경되면서 매우 빠른 속도로 골량이 줄어듭니다. 폐경 후 3~5년 동안 골밀도의 소실이 가장 빠르게 일어납니다.","골다공증의 원인은 다음과 같습니다.
① 칼슘의 흡수 장애
위를 잘라내는 수술, 장에 발생한 만성적인 염증성 질환, 쿠싱병, 신경성 식욕 저하증 등으로 칼슘을 적게 먹거나 먹더라도 흡수가 제대로 안 되면 골다공증이 생길 수 있습니다.
 
② 비타민 D 결핍
비타민 D는 장에서 칼슘의 섭취를 증가시키고 신장에서 칼슘의 배출을 감소시켜 체내 칼슘을 보존하는 작용을 합니다. 또한 뼈 분해를 막아서 골다공증을 예방하는 효과가 있습니다. 나이가 들면 피부, 간, 신장에서 만들어지는 활성 비타민 D가 감소합니다. 이는 비타민 D의 섭취와 일광 노출이 충분하지 않은 경우에도 부족해집니다. 
 
③ 폐경
에스트로겐은 골밀도를 유지해 줍니다. 폐경으로 에스트로겐이 감소되어 골다공증이 생길 수 있습니다.
 
④ 약물
항응고제(헤파린), 항경련제, 갑상선호르몬, 부신피질호르몬, 이뇨제 등의 치료제는 골다공증을 일으킬 수 있습니다.
 
⑤ 운동 부족
어릴 때부터 활발히 뛰어노는 아이들이 나중에 골밀도가 높습니다. 체중을 싣는 운동, 점프, 깡총 뛰기 등이 뼈의 건강에 도움이 됩니다.
 
⑥ 가족력
어머니나 자매가 골다공증일 경우 골다공증이 발병할 확률이 높습니다.
 
⑦ 과음
과다한 음주는 뼈의 형성을 줄이며 칼슘 흡수도 떨어뜨립니다.
 
⑧ 우울증
우울증을 앓는 여성은 뼈의 손실 속도가 빨라집니다. 원인은 확실하지 않습니다.","뼈의 특성상 초기에는 특별한 증상이 나타나지 않습니다. 초기 증상 중 하나는 척추뼈가 약해져서 척추가 후만 변형되거나 압박되어 신장이 줄어드는 것입니다. 심한 경우 척추가 체중을 지탱하지 못해서 외상이 없더라도 척추의 앞부분이 일그러지게 됩니다. 
또한 골절의 위험이 높아집니다. 심할 경우 허리를 구부리거나 기침을 하는 등 일상생활 중에도 뼈가 쉽게 부러질 수 있습니다. 50~70세 여성의 골절은 주로 손목에서 먼저 발생하는 경우가 많습니다. 70대 환자들의 경우 고관절 및 척추의 골절이 흔하게 발생합니다.","골밀도 검사를 통해 확인되는 티 수치(T-scores)로 판단합니다. 수치가 -1 이상이면 정상이며, -1∼-2.5 사이면 골감소증으로 분류합니다. 수치가 –2.5 이하일 경우 골다공증으로 분류합니다. X-ray 검사를 진행하여 골다공증으로 인한 압박 골절 등이 있는지 알 수 있습니다.","골다공증의 치료법은 골 형성을 증가시키거나 골 소실을 방지하여 현재의 골량을 유지하는 것입니다.
비타민 D 합성을 위해 규칙적으로 운동하고 자주 일광욕을 해야 합니다.
식사 시 뼈를 튼튼히 하는 칼슘이 풍부하도록 신경 써야 합니다. 음식을 짜게 먹으면 나트륨이 소변으로 빠져나갈 때 칼슘도 함께 배출되기 때문에 저염으로 식사해야 합니다.
음주, 흡연, 카페인, 인스턴트 식품, 패스트푸드, 탄산음료, 흰 설탕 등의 가공식품 섭취를 피합니다. 
 
그 외 약물 치료제는 다음과 같습니다.
① 칼슘 제제 : 적절한 칼슘은 골량을 유지해 주며 골량의 소실을 지연합니다.
② 비타민 D : 장관에서의 칼슘 섭취를 증가시키고, 골 흡수와 골 소실을 감소시킵니다.
③ 칼시토닌 : 골다공증에 사용하면 통증이 감소하는 효과가 있습니다. 칼시토닌은 환자가 장기간 움직이지 못하거나 내과 질환으로 골 손실이 발생한 경우, 골다공증을 유발하는 약제를 투여받은 경우에 골 손실을 예방하고 치료하는 데 효과가 있습니다.
④ 에스트로겐 : 폐경기 여성의 급격한 골 소실을 줄일 수 있습니다. 장기간 복용할 경우 유방암, 정맥혈전증, 뇌졸증 등이 발생할 가능성이 있습니다.
⑤ 골흡수억제제(비스포스포네이트) : 골밀도를 증가시키고 골절률을 낮춥니다. 낮은 흡수율, 잦은 위장 장애, 골수 억제 효과 등을 최소화한 여러 약제가 개발되고 있습니다.
⑥ 불화나트륨(NaF) : 골량을 골절 한계치 이상, 또는 정상 범위까지 증가시킬 수 있습니다.
⑦ 부갑상선호르몬 : 골량을 증가시킵니다.
⑧ 스트론튬 : 골 형성을 증가시키는 반면 골 흡수는 억제합니다.",관절통 척추 후만 골절 신장 감소 쿠싱 증후군 부갑상선 기능항진증 폐경기 및 여성의 갱년기 상태 폐경 병리적 골절 다 발골수종 부신 종양 '골다공'은 뼛 속에 구멍이 많이 생긴다는 뜻이며 골다공증은 뼈의 양이 줄어들어 뼈가 얇아지고 약해져 잘 부러지는 질환을 의 미합니다. 사춘기에 성인 골량의 90%가 형성되고 35세부터 골량이 서서히 줄어들다가 50세 전후에  폐경되면서 매우 빠른 속도로 골량이 줄어듭니다. 폐경 후 3~5년 동안 골밀도의 소실이 가장 빠르게 일어납니다. 뼈의 특성상 초기에는 특별한 증상이 나타나지 않습니다. 초기 증상 중 하나는 척추뼈가 약해져서 척추가 후만 변형되거나 압박되어 신장이 줄어드는 것입니다. 심한 경우 척추가 체중을 지탱하지 못해서 외상이 없더라도 척추의 앞부분이 일그러지게 됩 니다. 또한 골절의 위험이 높아집니다. 심할 경우 허리를 구부리거나 기침을 하는 등 일상생활 중에도 뼈가 쉽게 부러질 수 있습니다. 50~70세 여성의 골절은 주로 손목에서 먼저 발생하는 경우가 많습니다. 70대 환자들의 경우 고관절 및 척추의 골절이 흔하게 발생합니다.,폐경기 위험 환자 쿠싱 체중 상태 증후군 지탱 형성 척추뼈 허리 초기 관절통 여성 골다공증 외상 서서히 구멍 증상 변형 항진 질환 주로 골절 종양 소실 특성 먼저 밀도 기침 병리 감소 갱년기 성인 기능 수종 척추 압박 부신 발골 사춘기 신장 일상생활 관절 발생 골량 부분 다공 손목 부갑상선 가장 폐경 속도,가정의학과,1
당뇨병(Diabetes mellitus),"고혈당, 소양감, 체중감소, 피로감, 다식, 다뇨, 저림, 다음, 시야장애","인슐린 의존성 당뇨병, 인슐린 비의존성 당뇨병, 당뇨망막병증, 당뇨병성 말초신경병증, 비만, 임신성 당뇨병, 당뇨병성 족부 질환","당뇨병은 소변으로 포도당이 배출된다고 하여 이름 붙여진 병입니다. 정상인의 경우 소변으로 당이 넘쳐나지 않을 정도로 혈당이 조절됩니다. 여기에는 췌장에서 분비되는 '인슐린'이라는 호르몬이 중요한 작용을 합니다. 이러한 인슐린이 모자라거나 제대로 일을 못 하는 상태가 되면 혈당이 상승하며, 이로 인해 혈당이 지속적으로 높은 상태가 됩니다. 이러한 상태를 당뇨병이라고 합니다. 우리나라의 당뇨병 유병률은 경제가 발전하고 생활 양식이 서구화됨에 따라 증가하는 추세입니다.","당뇨병의 발생에는 유전과 환경이 중요한 역할을 합니다. 즉, 당뇨병은 이것에 걸리기 쉬운 유전적 체질을 부모로부터 물려받은 사람이 당뇨병을 유발하기 쉬운 환경에 노출될 때 발생할 수 있습니다. 하지만 현재까지 당뇨병을 일으키는 유전자의 이상을 찾을 수 있는 경우는 전체 당뇨병의 1% 미만에 불과합니다. 대부분의 당뇨병에서는 원인 유전자가 명확히 밝혀지지 않았습니다.
 
당뇨병을 유발할 수 있는 환경 인자로는 고령, 비만, 스트레스, 임신, 감염, 약물(스테로이드제제, 면역억제제, 이뇨제) 등이 있습니다. 환경 인자는 유전 인자와는 달리 본인의 노력으로 어느 정도 피할 수 있습니다. 최근 들어 당뇨병이 급증하는 이유는 유전적인 원인보다는 과도한 음식물 섭취와 운동량 감소로 인한 비만증의 증가 때문으로 여겨집니다. 단것을 많이 먹는다고 당뇨병이 생기지는 않지만, 단것을 많이 먹으면 체중이 늘어날 수 있으며, 비만증이 생기면 당뇨병이 생길 위험성이 증가합니다.","당뇨병에 걸리면 소변으로 포도당이 빠져나가는데, 이때 수분을 같이 끌고 나가기 때문에 소변량이 늘어납니다. 그 결과 몸 안에 수분이 부족하여 심한 갈증을 느끼게 됩니다. 또한 영양분이 몸에서 이용되지 않고 빠져나가므로 피로감을 잘 느낍니다. 또한 잘 먹는데도 불구하고 체중이 감소합니다. 
 
당뇨병의 가장 대표적인 증상을 ‘삼다(三多)’라고 부릅니다. 즉, 다음(多飮, 물을 많이 마심), 다뇨(多尿, 소변을 많이 봄), 다식(多食, 많이 먹음)을 말합니다. 그 외 당뇨병의 증상으로는 눈 침침함, 손발 저림, 여성의 경우 질 소양증 등이 나타날 수 있습니다. 하지만 혈당이 많이 높지 않은 경우에는 대부분 특별한 증상을 느끼지 못합니다.","당뇨병은 혈당을 측정하여 진단합니다. 이때 혈당 검사란 손가락 끝에서 채혈을 하는 전혈 포도당 검사가 아니라, 정맥혈을 채취하여 피떡을 가라앉히고 상층의 맑은 혈장 성분만을 분리하여 포도당 농도를 측정하는 검사입니다. 과거에 많이 시행하던 요당 검사는 당뇨병이 있어도 음성으로 나올 수 있고, 당뇨병이 아니더라도 양성으로 나올 수 있으므로 진단 검사로는 부적합합니다.
 
현재 가장 널리 사용되고 있는 당뇨병의 진단 기준은 1997년에 '당뇨병의 진단 기준 및 분류에 관한 전문위원회'에서 제시한 것으로, 다음과 같습니다.
① 당뇨병의 특징적인 증상인 물을 많이 먹고 소변을 많이 보는 증상이 나타남. 다른 특별한 원인으로 설명할 수 없는 체중 감소가 나타남. 식사 시간과 관계없이 측정한 혈당이 200mg/dL 이상임.
② 8시간 동안 열량 섭취가 없는 공복 상태에서 측정한 공복 혈당이 126mg/dL 이상
③ 경구 당부하 검사에서 75mg의 포도당을 섭취한 뒤 측정한 2시간째 혈당이 200mg/dL 이상
 
위의 세 가지 조건 중 어느 한 조건만 만족하면 당뇨병으로 진단할 수 있습니다. 그러나 명백한 고혈당 증상이나 급성 대사 이상이 있는 경우를 제외하고는 다른 날에 반복 검사를 시행하여 두 번 이상 진단 기준을 만족할 때 당뇨병으로 진단합니다.","당뇨병의 치료 방법으로는 식사 요법, 운동 요법, 약물 치료가 있습니다. 가벼운 당뇨병은 식사 요법과 운동 요법만으로도 효과적으로 치료할 수 있습니다. 식사 요법과 운동 요법만으로 만족할 만한 혈당 조절이 이루어지지 않을 때 약물 요법을 추가합니다. 하지만 약물 요법을 받는 중에도 반드시 식사 요법과 운동 요법을 병행해야 합니다. 약물 요법에는 경구 혈당강하제와 인슐린 주사가 있는데, 당뇨병의 종류, 환자의 상태, 합병증의 유무에 따라 치료 약물을 선택합니다.
 
수년에 걸쳐 혈당이 상승할 경우 혈관에 염증이 생기며 심해지면 막힐 수 있습니다. 한편 혈당이 갑자기 심하게 상승하면 무기력, 의식 저하, 더 심하면 사망에 이를 수도 있습니다. 따라서 당뇨병 치료의 목적은 혈당을 정상치에 가깝게 유지하여 고혈당으로 인한 혈관 손상을 방지하고, 당뇨병을 가지고도 건강하게 살도록 하는 것입니다.",고혈당 소양감 체중 감소 피로감 다식 다뇨 저림 다음 시야 장애 인슐린 의존성 당뇨병 인슐린 비의존성 당뇨병 당뇨망막병증 당뇨병성 말초신경병증 비만 임신성 당뇨병 당뇨병성 족부 질환 당뇨병은 소변으로 포도당이 배출된다고 하여 이름 붙여진 병입니다. 정상인의 경우 소변으로 당이 넘쳐나지 않을 정도로 혈당이 조절됩니다. 여기에는 췌장에서 분비되는 '인슐린'이라 는 호르몬이 중요한 작용을 합니다. 이러한 인슐린이 모자라거나 제대로 일을 못 하는 상태가 되면 혈당이 상승하며 이로 인해 혈당이 지속적으로 높은 상태가 됩니다. 이러한 상태를 당뇨병이라고 합니다. 우리나라의 당뇨병 유병률은 경제가 발전하고 생활 양식이 서구화됨에 따라 증가하는 추세입니다. 당뇨병에 걸리면 소변으로 포도당이 빠져나가는데 이 때 수분을 같이  끌고 나가기 때문에 소 변량이 늘어납니다. 그 결과 몸 안에 수분이 부족하여 심한 갈증을 느끼게 됩니다. 또한 영양분이 몸에서 이용되지 않고 빠져나가므로 피로감을 잘 느낍니다. 또한 잘 먹는데도 불구하고 체중이 감소합니다. 당뇨병의 가장 대표적인 증상을 ‘삼다(三多)’라고 부릅니다. 즉 다음(多飮 물을 많이 마 심) 다뇨(多尿 소변을 많이 봄) 다식 (多食 많이 먹음)을 말합니다. 그 외 당뇨병의 증상으로는 눈 침침함 손발 저림 여성의 경우 질 소양증 등이 나타날 수 있습니다. 하지만 혈당이 많이 높지 않은 경우에는 대부분 특별한 증상을 느끼지 못합니다.,혈당 병증 조절 저림 체중 다식 췌장 호르몬 상태 의존 상승 유병률 여성 양식 이용 다뇨 갈증 증상 피로 분비 소변 지속 변량 질환 먹음 소양감 당뇨병 작용 발전 임신 손발 가장 정상인 감소 망막 이름 경제 추세 족부 수분 인슐린 결과 생활 말초신경 대표 시야 우리나라 제대로 소양증 비만 배출 영양분 서구화 대부분 불구 포도당 장애 증가 당뇨 이로,가정의학과,3
위식도 역류성 질환(Gastro-esophagus reflux disease),"오심, 기침, 가슴 쓰림, 방사통, 삼키기 곤란 , 가슴 통증, 목소리 변화","바렛 식도, 식도암, 비만, 천식, 치아 우식증[충치], 복수, 식도염","위식도 역류성 질환은 위 내용물이 소량씩 식도로 역류하고, 이러한 역류의 과정이 반복되어 식도 점막이 손상되어 염증이 나타나는 질환을 의미합니다. 이는 위와 식도 사이에서 위의 내용물이 식도로 올라오는 것을 막아 주는 조임쇠 역할을 하는 괄약근에 이상이 생겨 발생합니다.","위식도 역류성 질환은 다음과 같은 원인으로 발생합니다.
 
① 위 내용물의 양적 증가
식후나 유문 협착, 위 내용물 정체, 위액 분비 과다 등으로 위 내용물이 증가하면, 이것이 십이지장으로 배출되지 못하고 식도로 역류할 수 있습니다. 특히 눕거나 구부리는 자세로 인해 위 내용물이 식도 가까이에 위치하면 역류가 잘 일어납니다.
 
② 위 내부 압력 및 복압 증가
비만, 임신, 복수 등으로 위 내부의 압력이 증가하거나, 복대 착용, 잦은 기침 등으로 복압이 증가하면 역류가 잘 일어납니다.
 
③ 괄약근 압력 감소
위와 식도 사이에 있는 괄약근의 압력이 줄어드는 문제가 생기면 역류가 잘 일어납니다. 괄약근의 압력은 대개 기름진 음식, 음주, 흡연에 의해 감소합니다. 칼슘길항제, 항콜린제, 안정제, 테오필린 등의 약물도 괄약근 압력 감소에 영향을 끼칩니다. 커피, 초콜릿, 박하, 오렌지주스 등의 음식도 악영향을 끼칠 수 있습니다.
 
위와 같은 원인으로 위 내용물이 식도 점막에 손상을 입힐 수 있습니다. 위 내용물에 포함된 위산, 음식물, 소화 효소 등으로 식도를 자극하면 통증, 기침 등이 나타나고 염증을 일으킵니다. 이 때문에 통증, 출혈, 연하(삼킴) 곤란 등의 증상이 나타납니다.","위식도 역류성 질환의 전형적인 증상은 가슴쓰림과 위산 역류 증상입니다.
 
① 가슴쓰림
가슴쓰림(heartburn)은 대개 명치끝에서 목구멍 쪽으로 치밀어 오르는 것처럼 흉골 뒤쪽 가슴이 타는 듯한 증상을 말합니다. 환자는 이러한 증상을 ‘가슴이 쓰리다, 화끈거린다, 따갑다, 뜨겁다’ 등으로 묘사합니다. 이 통증은 견갑골(날개뼈) 사이, 목, 팔 쪽으로 뻗어갈 수 있습니다.
 
② 위산 역류
위산 역류는 위액이나 위 내용물이 인두(식도와 후두 사이)로 역류하는 현상을 말합니다. 환자는 시고 쓴맛을 호소합니다. 대개 많은 음식을 먹은 후, 혹은 누운 자세에서 쉽게 발생합니다. 일부 위식도 역류 질환 환자는 협심증으로 오인할 정도의 심한 흉통을 호소합니다.
 
③ 기타
- 소화기 증상(연하 곤란, 연하통, 오심 등)
- 이비인후과 증상(만성적인 후두 증상, 인후 이물감, 기침, 쉰 목소리, 후두염, 만성 부비동염 등)
- 호흡기계 증상(만성 기침, 천식 등) : 만성 기침 환자 중에서 역류성 식도염이 원인인 경우가 5~7%를 차지합니다. 또한 천식과 역류성 식도염이 동시에 있는 사람에게 역류성 식도염 치료제를 투여하면 천식 증상이 함께 호전된다는 보고가 있습니다.
- 비전형적인 증상(충치 등)","위식도 역류 질환을 진단하기 위해서는 내시경 검사, 24시간 식도 산도 검사, 식도 내압 검사 등을 시행합니다. 내시경 검사를 통해 식도염의 정도 및 범위를 직접 확인할 수 있고, 이와 동반된 합병증의 유무를 확인할 수 있습니다. 또한 식도 점막의 조직학적 진단이 가능합니다.","위식도 역류성 질환의 치료 기본 원칙은 생활 습관을 변화시키는 것입니다. 이러한 생활 습관을 평생 지켜야 합니다.
 
① 과식을 피하고, 밤참이나 야식을 피합니다. 식사 후 바로 드러눕지 않습니다.
 
② 식이 요법으로는 하부식도 괄약근의 압력을 낮추는 기름진 음식, 술, 담배, 커피, 홍차, 박하, 초콜릿 등을 삼가는 것이 좋습니다. 다른 질병의 치료에 사용되는 칼슘통로차단제, 수면제, 통풍 약 등은 하부식도 괄약근 압력을 낮추기 때문에, 다른 약제로 바꾸는 것이 좋습니다.
 
③ 식도 점막을 직접 자극하는 음식인 신 과일 주스, 토마토, 탄산음료(콜라, 사이다 등)를 삼가는 것이 좋습니다.
 
④ 비만인 경우에는 체중을 줄여야 합니다.
 
⑤ 복압을 증가시키지 않도록 몸에 끼는 옷을 입지 말고, 일상생활 중 몸을 숙이는 행동을 피하는 것이 좋습니다. 특히 24시간 식도 산도 검사상 야간에 역류가 심하거나 식도 연동 운동에 장애가 있는 환자는 취침 시 침대의 상체 부분을 6~8인치 정도 올려서 자는 것이 좋습니다.
 
⑥ 위산 억제 치료에도 불구하고 역류 증상이 지속되는 경우, 식도 협착이나 바레트 식도 등의 합병증을 동반한 경우, 천식 등의 합병증이 있는 경우, 약물 치료에 반응하지만 약물 부작용에 대한 두려움이 있는 환자, 약물 복용의 순응도가 저하된 환자 등은 수술적 치료를 고려할 수 있습니다.
 
⑦ 제산제, 위산분비 억제제, 장운동 촉진제 등의 약제를 사용합니다. 이러한 약물 치료는 보통 수개월간 인내심 있게 시행해야 증상의 호전을 기대할 수 있습니다.",오심 기침 가슴 쓰림 방사통 삼키기 곤란 가슴 통증 목소리 변화 바렛 식도 식도암 비만 천식 치아 우식증[ 충치] 복수 식도염 위식도 역류성 질환은 위 내용물이 소량씩 식도로 역류하고 이러한 역류의 과정이 반복되어 식도 점막이 손상 되어 염증이 나타나는 질환을 의 미합니다. 이는 위와 식도 사이에서 위의 내용물이 식도로 올라오는 것을 막아 주는 조임 쇠 역할 을 하는 괄 약근에 이상이 생겨 발생합니다. 위식도 역류성 질환의 전형적인 증상은 가슴 쓰림과 위산 역류 증상입니다. ① 가슴쓰림 가슴쓰림(heartburn)은 대 개 명치 끝에서 목구멍 쪽으로 치밀어 오르는 것처럼 흉골 뒤쪽 가슴이 타는 듯한 증상을 말합니다. 환자는 이러한 증상을 ‘가슴이 쓰리다 화끈거린 다 따갑다 뜨겁다’ 등으로 묘사합니다. 이 통증은  견갑골(날개뼈) 사이 목 팔 쪽으로 뻗어 갈 수 있습니다. ② 위산 역류 위산 역류는 위액이나 위 내용물이 인두(식도와 후두 사이)로 역류하는 현상을 말합니다. 환자는 시 고 쓴맛을 호소합니다. 대 개 많은 음식을 먹은 후 혹은 누운 자세에서 쉽게 발생합니다. 일부 위식도 역류 질환 환자는 협심증으로 오인할 정도의 심한 흉통을 호소합니다. ③ 기타 -  소화기 증상(연하 곤란 연하통 오심 등) - 이비인후과 증상(만성적인 후두 증상 인 후 이물감 기침 쉰 목소리 후두염 만성 부비동염 등) - 호흡기계 증상(만성 기침 천식 등) : 만성 기침 환자 중에서 역류성 식도염이 원인인 경우가 5~7%를 차지합니다. 또한 천식과 역류성 식도염이 동시에 있는 사람에게 역류성 식도염 치료제를 투여하면 천식 증상이 함 께 호전된다는 보고가 있습니다. - 비전형적인 증상(충치 등),환자 협심증 호전 반복 연하 성적 호흡기 변화 기침 손상 역류성 화끈 과정 발생 치료 만성 가슴 거린 목구멍 음식 위액 사이 동시 내용물 소화기 식도암 현상 묘사 명치 비만 약근 날개 흉골 뒤쪽 충치 위산 식도 목소리 식도염 쓴맛 통증 질환 바렛 점막 복수 원인 염증 전형 오인 오심 인두 차지 견갑골 부비동염 역할 호소 이비인후과 자세 식증 역류 흉통 증상 방사 물감 투여 천식 치아 누운 후두 일부 소량,가정의학과,2
고혈압(Essential (primary) hypertension),"두통, 피부 긴장도 저하, 가슴 두근거림, 어지러움","망막 박리, 뇌졸중, 자발성 두개강 내 출혈, 악성 종격동 종양, 양성 종격동 종양, 뇌하수체 기능 항진, 갈색세포종, 신우요관 폐색, 면역글로불린 A 신병증, 폐성 고혈압, 자간전증, 자간증, 전이성 신장암, 뇌경색, 만성 신부전, 급성 신부전, 부신 종양, 신부전, 혈뇨, 임신성 고혈압","고혈압은 혈압이 여러 원인으로 인해 높아진 상태를 의미합니다. 혈압은 동맥혈관 벽에 대항한 혈액의 압력을 말합니다. 혈액의 압력은 심장이 수축하여 동맥혈관으로 혈액을 보낼 때 가장 높은데, 이때의 혈압을 수축기 혈압이라고 합니다. 또한 심장이 늘어나서 혈액을 받아들일 때 가장 낮은데, 이때의 혈압을 이완기 혈압이라고 합니다. 우리나라 성인 인구의 약 30%가 이러한 혈압이 높아진 증상인 고혈압이 있는 것으로 추정됩니다.
 
다음은 대한고혈압학회와 미국심장학회의 혈압의 기준입니다.
① 정상 혈압 : 수축기 혈압 120mmHg 미만, 확장기 혈압 80mmHg 미만
② 고혈압 전 단계 : 수축기 혈압 120~139mmHg이거나, 확장기 혈압 80~89mmHg
③ 1기 고혈압(경도 고혈압) : 수축기 혈압 140~159mmHg이거나, 확장기 혈압 90~99mmHg
④ 2기 고혈압(중등도 이상 고혈압) : 수축기 혈압 160mmHg 이상이거나, 확장기 혈압 100mmHg 이상","고혈압은 교감 신경에 의한 신경성 요인 및 레닌-안지오텐신 기전에 의한 체액성 요인에 의해 발생합니다. 그러나 유전, 흡연, 남성, 노령화는 고혈압의 유발을 촉진하는 요인입니다.
고혈압의 90% 이상은 본태성으로 원인을 알 수 없는 경우가 대부분입니다. 나머지 5~10%는 원인이 명확한 이차성 고혈압에 해당합니다. 고혈압의 대부분을 차지하는 본태성 고혈압은 한 가지 원인에 의해 유발되지 않습니다. 여러 가지 요인이 모여서 고혈압을 일으키는데, 이 중에는 유전적인 요인(가족력)이 가장 흔하며, 그 외에 노화, 비만, 짜게 먹는 습관, 운동 부족, 스트레스 등이 있습니다.
 
고혈압을 유발하는 요인을 정리하면 다음과 같습니다.
① 심혈관 질환의 가족력(유전)
② 흡연
③ 고지혈증
④ 당뇨병
⑤ 60세 이후 노년층
⑥ 성별(남성과 폐경 이후 여성)
⑦ 식사성 요인 : Na, 지방 및 알코올의 과잉 섭취, K, Mg, Ca의 섭취 부족
⑧ 약물 요인 : 경구 피임약, 제산제, 항염제, 식욕억제제","고혈압은 뚜렷한 증상이 없어 신체검사나 진찰 중에 우연히 발견되는 경우가 적지 않습니다. 고혈압은 ‘소리 없는 죽음의 악마’라고 할 정도로 증상이 없는 경우가 대부분입니다. 간혹 증상이 있어서 병원을 찾는 경우는 두통이나 어지러움, 심계항진, 피로감 등의 혈압 상승에 의한 증상을 호소합니다. 코피나 혈뇨, 시력 저하, 뇌혈관 장애 증상, 협심증 등 고혈압성 혈관 질환에 의한 증상을 호소하기도 합니다. 이차성 고혈압의 경우 종종 원인 질환의 증상을 호소합니다.
 
두통이 있는 경우에도 혈압이 올라갈 수 있습니다. 그런데 대부분의 경우 혈압 때문에 두통이 생기지 않고 두통 때문에 혈압이 올라갑니다. 따라서 두통이 있으면 혈압보다 두통을 먼저 조절해야 합니다. 
흔히 목덜미가 뻣뻣하면 혈압이 높다고 생각하는 경우가 많습니다. 그러나 과도한 스트레스로 인해 목이 뻣뻣해지고 그로 인해 혈압이 올라갈 수 있습니다. 따라서 목이 뻣뻣할 때는 다른 이유를 먼저 고려해야 합니다.","혈압을 1회만 측정하여 고혈압을 진단하는 것은 바람직하지 않습니다. 처음 측정한 혈압이 높은 경우에는 1일 간격을 두고 최소한 두 번 더 측정합니다. 그 결과 이완기 혈압 90mmHg 이상 또는 수축기 혈압 140mmHg 이상이면 고혈압으로 진단합니다.
 
혈압을 측정할 때는 앉은 자세에서 5분 이상 안정을 취한 후 왼쪽 팔을 걷고 심장 높이에 두고 측정해야 합니다. 측정 전 30분 이내에 담배나 카페인 섭취를 피해야 합니다. 혈압은 2분 간격으로 2회 이상 측정하여 평균치를 구하는데, 2회의 기록이 5mmHg 이상 차이가 나면 한 번 더 측정합니다. 고혈압을 진단하는 가장 정확한 방법은 24시간 보행 혈압 감시 검사를 시행하는 것입니다. 24시간 평균 수축기 혈압이 수축기 135mmHg 이상이거나, 24시간 평균 이완기 혈압이 95mmHg 이상이면 고혈압으로 진단합니다.
 
보통 혈압은 노년층에서 빈번히 발생하므로 젊은 나이에 고혈압으로 진단받는다면 이차성 고혈압인지 확인하는 것이 중요합니다. 갑상선 기능 항진증, 쿠싱병, 갈색세포종과 같은 내분비 질환을 확인하기 위해 특수 혈액 검사가 필요합니다. 또한 신혈관 이상, 부신 종양, 부신 비대 등을 감별하기 위해 부신 CT 검사나 복부 초음파를 시행하는 것이 중요합니다. 이차성 고혈압의 경우 원인 질환을 치료하면 완치될 수 있으므로 반드시 원인 질환을 감별해야 합니다.
 
고혈압 환자로 의심되면 소변검사, 혈색소 검사(hematocrit), 혈당치, 혈청 전해질(Ca, K), 요산, 콜레스테롤, 중성지방, 심전도, 흉부 X-선 검사를 기본적으로 시행합니다. 또한 부종 여부를 알아내기 위해 신장 기능을 검사하고 몸무게를 측정합니다. 고혈압의 정도 및 예후를 평가하기 위해 안저 검사가 중요합니다.","최근에는 고혈압을 치료하기 위해 비약물적 요법과 약물적 요법을 함께 실시합니다. 고혈압 전 단계에서는 체중 조절, 식사 요법, 행동 수정, 규칙적인 운동 실시 등의 비약물적 요법을 먼저 시행하는 것을 권장합니다. 그러나 고혈압으로 진단받으면 반드시 약물을 이용해 혈압을 정상으로 조절해야 합니다. 흡연은 심혈관계 질환의 주요 위험 인자이므로, 금연을 권장합니다.",두통 피부 긴장도 저하 가슴 두근거림 어지러움 망막 박리 뇌졸중 자발성 두 개강 내 출혈 악성 종격동 종양 양성 종격동 종양 뇌하수체 기능 항진 갈색세포종 신우요관 폐색 면역글로불린 A 신병증 폐성 고혈압 자간 전증 자간 증 전이성 신장암 뇌경색 만성 신부전 급성 신부전 부신 종양 신부전 혈뇨 임신성 고혈압 고혈압은 혈압이 여러 원인으로 인해 높아진 상태를  의미합니다. 혈압은 동맥 혈관 벽에 대항한 혈액의 압력을 말합니다. 혈액의 압력은 심장이 수 축하여 동맥 혈관으로 혈액을 보낼 때 가장 높은데 이 때의 혈압을 수축기 혈압이라고 합니다. 또한 심장이 늘어나서 혈액을 받아들일 때 가장 낮은데 이 때의 혈압을 이 완기 혈압이라고 합니다. 우리나라 성인 인구의 약 30%가 이러한 혈압이 높아진 증상인 고혈압이 있는 것으 로 추정됩니다. 다음은 대한 고혈압학회와 미국심장학회의 혈압의 기준입니다. ① 정상 혈압 : 수축기 혈압 120mmHg 미만 확장기 혈압 80mmHg 미만 ② 고혈압 전 단계 : 수축기 혈압 120~139mmHg이거나 확장기 혈압 80~89mmHg ③ 1기 고혈압(경도 고혈압) : 수축기 혈압 140~159mmHg이거나 확장기 혈압 90~99mmHg  ④ 2기 고혈압(중등도 이상 고혈압) : 수축기 혈압 160mmHg 이상이거나 확장기 혈압 100mmHg 이상 고혈압은 뚜렷한 증상이 없어 신체검사나 진찰 중에 우연히 발견되는 경우가 적지 않습니다. 고혈압은 ‘소리 없는 죽음의 악마’라고 할 정도로 증상이 없는 경우가 대부분입니다. 간혹 증상이 있어서 병원을 찾는 경우는 두통이나 어지러움 심계 항진 피로 감 등의 혈압 상승에 의 한 증상을 호소합니다. 코피나 혈뇨 시력 저하 뇌혈관 장애 증상 협심증 등 고혈압성 혈관 질환에 의 한 증상을 호소하기도 합니다. 이 차성 고혈압의 경우 종종 원인 질환의 증상을 호소합니다. 두통이 있는 경우에도 혈압이 올라갈 수 있습니다. 그런데 대부분의 경우 혈압 때문에 두통이 생기지 않고 두통 때문에 혈압이 올라갑니다. 따라 서 두통이 있으면 혈압보다 두통을 먼저 조절해야 합니다. 흔히 목덜미가 뻣뻣하면 혈압이 높다고 생각하는 경우가 많습니다. 그러나 과도 한 스트레스로 인해 목이 뻣뻣해지고 그로 인해 혈압이 올라갈 수 있습니다. 따라서 목이 뻣뻣할 때는 다른 이유를 먼저 고려해야 합니다.,거나 병증 미만 협심증 두통 생기지 미국 악마 압력 여러 인구 급성 항진 종양 신부전 피부 폐색 출혈 세포 기준 기능 신우 개강 대한 심장 신체검사 코피 양성 만성 진찰 장애 이유 부신 가슴 갈색 상태 수축 단계 완기 피로 신장암 먼저 경도 추정 목덜미 장기 발견 저하 성인 의미 뇌혈관 우리나라 대부분 회의 중등 어지러움 고려 혈뇨 혈관 악성 뇌경색 혈액 심장학 정상 혈압 요관 학회 자간 질환 자발 병원 과도 적지 원인 뇌졸중 간혹 축하 긴장도 면역 격동 호소 가장 조절 상승 이성 스트레스 증상 고혈압 시력 임신 종종 망막 그로 동맥 대항 뇌하수체 죽음,가정의학과,0
인슐린 비의존성 당뇨병(Non-insulin dependent diabetes mellitus),"갈증, 다뇨, 저림, 침침함, 다음, 다식, 고혈당, 소양감","임신성 당뇨병, 당뇨병성 말초신경병증, 인슐린 의존성 당뇨병, 저혈당증, 당뇨병, 당뇨병성 족부 질환, 당뇨망막병증","당뇨병은 소변으로 포도당(요당)이 배출된다고 하여 이름 붙여진 병입니다. 정상인의 경우 소변으로 당이 넘쳐나지 않을 정도로 좁은 범위에서 혈당이 조절됩니다. 여기에는 췌장에서 분비되는 '인슐린'이라는 호르몬이 중요한 작용을 합니다. 이러한 인슐린이 모자라거나 인슐린이 제대로 일을 하지 못하면 혈당이 상승하게 되며, 이로 인해 혈당이 지속적으로 높은 상태를 당뇨병이라고 부릅니다.","당뇨병의 발생에는 유전과 환경이 중요한 역할을 합니다. 즉, 당뇨병에 걸리기 쉬운 유전적 체질을 부모에게 물려받은 사람이 당뇨병을 유발하기 쉬운 환경에 노출되면 당뇨병이 발생할 수 있습니다. 하지만 현재까지 당뇨병을 일으키는 유전자의 이상을 찾을 수 있는 경우는 전체 당뇨병의 1% 미만에 불과합니다. 대부분은 원인이 되는 유전자가 명확히 밝혀지지 않았습니다.
 
당뇨병을 유발할 수 있는 환경 인자로는 고령, 비만, 스트레스, 임신, 감염, 약물(스테로이드 제제, 면역 억제제, 이뇨제) 등이 있습니다. 환경 인자는 유전 인자와는 달리 본인의 노력으로 어느 정도 피할 수 있다는 점이 중요합니다. 최근 들어 당뇨병이 급증하는 이유는 유전적인 원인보다는 과도한 음식물 섭취와 운동량 감소로 인한 비만증의 증가 때문입니다.","당뇨병에 걸리면 소변으로 포도당이 빠져나갑니다. 이때 포도당이 수분을 같이 끌고 나가기 때문에 소변량이 늘어납니다. 그 결과 몸 안에 수분이 부족하여 심한 갈증을 느끼게 됩니다. 또한 영양분이 몸에서 이용되지 않고 빠져나가기 때문에 피로감을 느낍니다. 잘 먹는데도 불구하고 체중이 감소합니다.
 
당뇨병의 가장 대표적인 증상을 '삼다(三多)'라고 합니다. 다음(多飮, 물을 많이 마심), 다뇨(多尿, 소변을 많이 봄), 다식(多食, 많이 먹음)을 말합니다. 그 외의 당뇨병의 증상으로는 눈 침침함, 손발 저림이 있고, 여성의 경우 질 소양증 등이 나타납니다. 하지만 혈당이 크게 높지 않으면 대부분 특별한 증상을 느끼지 못합니다.","'당뇨병은 혈당을 측정하여 진단합니다. 이때 혈당 검사란 손가락 끝에서 채혈을 하는 전혈 포도당 검사가 아닙니다. 정맥혈을 채취하여 피떡을 가라앉히고, 상층의 맑은 혈장 성분만을 분리하여 포도당 농도를 측정하는 것입니다. 요당 검사는 과거에는 많이 시행하였으나, 당뇨병인데도 음성이 나올 수 있고, 당뇨병이 아닌데도 양성으로 나올 수 있어 당뇨병의 진단 검사로는 부적합합니다.
 
당뇨병의 진단 기준은 당뇨병의 특징적인 증상이 있으면서 ① 식사 시간에 관계없이 측정한 혈당이 200mg/dL 이상이거나 ② 8시간 동안 열량 섭취가 없는 공복 상태에서 측정한 공복 혈당이 126mg/dL 이상이거나 ③ 경구 당부하 검사에서 75gm의 포도당을 섭취한 뒤 측정한 2시간째 혈당이 200mg/dL 이상이면 당뇨병으로 진단할 수 있습니다. 그러나 명백한 고혈당 증상이나 급성 대사 이상이 있는 경우를 제외하면, 다른 날에 반복 검사를 시행하여 두 번 이상 진단 기준을 만족할 때 당뇨병으로 진단합니다.","고혈당이 약물 복용, 심한 스트레스 등 일시적으로 혈당을 올리는 원인에 의해 생긴 경우에는 이러한 원인을 제거하면 다시 정상으로 돌아옵니다. 이러한 일시적인 원인이 없는 상태에서 당뇨병을 진단받은 경우에는 완치되는 경우가 흔하지 않습니다. 하지만 당뇨병은 생활습관 관리, 약물 치료 등의 방법으로 얼마든지 관리할 수 있습니다. 당뇨병이 있더라도 관리만 잘하면 건강한 삶을 유지할 수 있습니다.",갈증 다 뇨 저림 침침함 다음 다식 고혈당 소양감 임신성 당뇨병 당뇨병성 말초신경병증 인슐린 의존성 당뇨병 저혈당 증 당뇨병 당뇨병성 족부 질환 당뇨망막병증 당뇨병은 소변으로 포도당(요당)이 배출된다고 하여 이름 붙여진 병입니다. 정상인의 경우 소변으로 당이 넘쳐나지 않을 정도로 좁은 범위에서 혈당이 조절됩니다. 여기에는 췌장에서 분비되는 '인슐린'이라는  호르몬이 중요한 작용을 합니다. 이러한 인슐린이 모자라거나 인슐린이 제대로 일을 하지 못하면 혈당이 상승하게 되며 이로 인해 혈당이 지속적으로 높은 상태를 당뇨병이라고 부릅니다. 당뇨병에 걸리면 소변으로 포도당이 빠져나갑니다. 이 때 포도당이 수분을 같이 끌고 나가기 때문에 소 변량이 늘어납니다. 그 결과 몸 안에 수분이 부족하여 심한 갈증을 느끼게 됩니다 . 또한 영양분이 몸에서 이용되지 않고 빠져나가기 때문에 피로감을 느낍니다. 잘 먹는데도 불구하고 체중이 감소합니다. 당뇨병의 가장 대표적인 증상을 '삼다(三多)'라고 합니다. 다음 (多飮 물을 많이 마 심) 다뇨(多尿 소변을 많이 봄) 다식(多食 많이 먹음)을 말합니다. 그 외의 당뇨병의 증상으로는 눈 침침함 손발 저림이 있고 여성의 경우 질 소양증  등이 나타납니다. 하지만 혈당이 크게 높지 않으면 대부분 특별한 증상을 느끼지 못합니다.,혈당 병증 조절 저림 갈증 다식 췌장 호르몬 상승 의존 상태 체중 범위 여성 이용 다뇨 증상 분비 피로 소변 지속 변량 질환 먹음 크게 소양감 당뇨병 작용 손발 임신 가장 정상인 망막 이름 수분 감소 족부 인슐린 결과 말초신경 대표 제대로 소양증 배출 대부분 영양분 불구 포도당 당뇨 이로,가정의학과,3
인슐린 의존성 당뇨병(Insulin-dependent diabetes mellitus),"다식, 복부 통증, 식욕부진, 구토, 피로감, 다음, 체중감소, 다뇨, 고혈당","당뇨병성 말초신경병증, 인슐린 비의존성 당뇨병, 당뇨병성 족부 질환, 당뇨병, 임신성 당뇨병, 당뇨망막병증","사람의 몸은 음식을 섭취하여 세포 안에 들어온 포도당의 양에 따라 췌장에서 적당한 인슐린을 자동적으로 생성합니다. 그러나 소아당뇨병(제1형 당뇨병)이 있는 사람들은 췌장에 있는 인슐린을 생성하는 세포가 파괴되어 인슐린을 제대로 생성하지 못합니다. 이와 같이 췌장에서 인슐린이 만들어지지 않아 당뇨병이 생기는 경우를 제1형 당뇨병(소아당뇨병, 인슐린 의존성 당뇨병)이라고 합니다.
 
이렇게 되면 포도당이 세포 내로 들어가지 못하고 혈액 내에 축적됩니다. 그 결과 고혈당 상태가 되어 에너지를 만들어 낼 수 없게 됩니다. 혈액 내 포도당의 수치가 어떤 기준 이상이 되면, 과도한 포도당은 신장을 통해 소변으로 나옵니다. 이를 당뇨(소변으로 당이 나온다)라고 합니다.","소아에게 주로 발생하는 제1형 당뇨병은 제2형 당뇨병에 비하면 아주 적은 정도이기는 하나 유전적 요인이 관여합니다. 제1형 당뇨병의 유전적 소인을 가진 사람에게 어떤 환경적인 요인(바이러스 감염, 스트레스 등)이 가해지면 자신의 췌장에서 인슐린을 만들어내는 베타세포를 남으로 인식하고 파괴하기 시작합니다. 이를 자가면역 반응이라고 합니다. 이처럼 제1형 당뇨병은 유전적인 소인에 더하여 환경적 요인, 면역학적 요인이 함께 작용하여 발생합니다.","인슐린 의존성 당뇨병에서 가장 초기에 나타나는 증상은 다뇨입니다. 이는 혈당이 180mg/dl를 넘는 경우에 당분이 몸속으로 재흡수되지 못하고 소변으로 배설되어 생기는 증상입니다. 
 
일반적으로 혈당이 높을수록 소변량이 많아집니다. 소변량이 많아지면 우리 몸은 수분이 부족하다고 느껴 갈증이 생기고 물을 많이 마시게 됩니다. 또한 음식을 먹어도 당분이 몸 안에서 에너지원으로 이용되지 못하고 빠져나가기 때문에 피로감을 느끼고 체중이 줄며, 자꾸 음식을 찾게 됩니다(다식). 소아의 경우 오히려 다식이 아니라 식욕 부진이 생기는 경우도 있습니다.
 
구토, 복통, 탈수 등이 동반된 상태를 당뇨병성 케톤산증이라고 합니다. 심하면 의식 장애도 올 수 있습니다. 이러한 증상이 있으면 신속히 병원을 방문해 치료를 받아야 합니다.","인슐린 의존성 당뇨병을 진단하기 위해 혈액 채취를 통한 혈당 검사를 시행합니다. 다뇨, 체중 감소 등의 증상이 있으면서, 하루 중 어느 때라도 혈당이 200mg/dl 이상인 경우, 공복 혈당이 126mg/dl 이상인 경우, 경구 당부하 검사 후 2시간째 혈당이 200mg/dl 이상인 경우에 당뇨병으로 진단합니다.","당뇨병은 진단 후 일시적으로 치료하더라도 완치되지 않습니다. 지속적으로 관리해야 하는 질병입니다. 
 
소아당뇨병도 성인형 당뇨병(제2형 당뇨병)과 마찬가지로 식사 및 운동 요법을 해야 합니다. 이와 함께 반드시 적절한 인슐린 치료를 시행해야 합니다.
 
소아당뇨병에서도 식사 요법은 매우 중요합니다. 성장하는 아이들은 무조건 음식을 제한하면 안 됩니다. 나이에 맞는 성장과 발달이 이루어질 수 있는 적절한 양의 음식을 골고루 섭취해야 합니다. 당뇨병이 환아도 당뇨병이 없는 아이들과 영양 요구량이 같습니다. 따라서 개인 및 가족의 음식 선호도와 식사 습관, 체중, 활동량 및 인슐린 치료 방법 등을 고려하여 식사 습관을 정하되, 혈당을 급격히 올리는 음식(주로 간식류)을 너무 많이 먹지 않도록 주의해야 합니다.
 
운동은 혈당을 조절하는 데 도움을 줄 뿐만 아니라, 체력과 심폐 기능을 좋게 하고, 유연성을 높이며, 스트레스를 줄여줍니다. 본인이 좋아하고 꾸준히 할 수 있는 운동을 택하되, 본인의 몸 상태를 고려해 운동의 종류와 강도를 정해야 합니다.
 
인슐린을 사용하는 경우 운동 후 저혈당에 유의해야 합니다. 운동 전후로 혈당을 측정하는 것이 좋습니다. 저혈당에 대비한 음식을 미리 준비해 놓은 후에 운동하는 것이 좋습니다.",다식 복부 통증 식욕부진 구토 피로감 다음 체중 감소 다뇨 고혈당 당뇨병성 말초신경병증 인슐린 비의존성 당뇨병 당뇨병성 족부 질환 당뇨병 임신성 당뇨병 당뇨망막병증 사람의 몸은 음식을 섭취하여 세포 안에 들어온 포도당의 양에 따라 췌장에서 적당한 인슐린을 자동적으로 생성합니다. 그러나 소아 당뇨병(제1형 당뇨병)이 있는 사람들은 췌장에 있는 인슐린을 생성하 는 세포가 파괴되어 인슐린을 제대로 생성하지 못합니다. 이와 같이 췌장에서 인슐린이 만들어지지 않아 당뇨병이 생기는 경우를 제1형 당뇨병(소아당뇨병 인슐린 의존성 당뇨병)이라고 합니다. 이렇게 되면 포도당이 세포 내로 들어가지 못하고 혈액 내에 축적됩니다. 그 결과 고혈당 상태가 되어 에너지를 만들어 낼 수 없게 됩니다. 혈액 내 포도당의 수치가 어 떤 기준 이상이 되면 과도 한 포도당은 신장을 통해 소변으로 나옵니다. 이를 당뇨(소변으로 당이 나온다)라고 합니다. 인슐린 의존성 당뇨병에서 가장 초기에 나타나는 증상은 다 뇨입니다. 이는 혈당이 180mg/dl를 넘는 경우에 당분이 몸 속으로 재흡수되지 못하고 소변으로 배설되어 생기는 증상입니다. 일반적으로 혈당이 높을수록 소변량이 많아집니다. 소변 량이 많아지면 우리 몸은 수분이 부족하다고 느껴 갈증이 생기고 물을 많이 마시게 됩니다. 또한 음식을 먹어도 당분이 몸 안에서 에너지원으로 이용되지 못하고 빠져나가기 때문에 피로감을 느끼고 체중이 줄며 자꾸 음식을 찾게 됩니다(다식). 소아의 경우 오히려 다 식이 아니라 식욕 부진이 생기는 경우도 있습니다. 구토 복통 탈수 등이 동반된 상태를 당뇨병성  케톤산증이라고 합니다. 심하면 의식 장애도 올 수 있습니다. 이러한 증상이 있으면 신속히 병원을 방문해 치료를 받아야 합니다.,병증 다식 성하 생기 산증 케톤 변량 당뇨병 감소 세포 기준 당분 치료 장애 당뇨 갈증 상태 다뇨 식욕부진 피로 음식 소변 복통 동반 배설 인슐린 신장 포도당 섭취 자꾸 혈당 에너지 췌장 체중 의존 혈액 식욕 복부 뇨입니 통증 구토 파괴 질환 의식 병원 과도 수치 흡수 방문 수분 결과 말초신경 소아 부진 탈수 가장 제대로 초기 이용 증상 축적 임신 망막 족부 자동 식이,가정의학과,3
신우요관암(Renal pelvis cancer),"혈뇨, 옆구리 통증, 요통","수신증, 신세포암종, 방광암","신우요관암은 신우와 요관 부위에 발생하는 암을 의미합니다. 좌우 신장에서 만들어진 소변은 신배에서 신우로, 또 여기서 이어지는 요관으로 흘러가 방광에 저장됩니다. 배뇨 시에는 방광에서 요도를 거쳐 소변이 나옵니다. 이 중에서 신우와 요관을 상부 요로라고 부릅니다. 신우, 요관과 방광, 요도의 일부는 이행상피라고 불리는 점막으로 구성되어 있습니다.
 
요로에서는 주로 이행상피암이라고 불리는 암이 발생합니다. 신우요관암도 대부분은 이행상피암입니다. 신우요관암은 비뇨기암 중에서도 드문 암입니다. 발생 빈도는 인구 10만 명당 남성 0.1, 여성 0.1 정도입니다.","신우요관암의 정확한 원인은 아직 밝혀지지 않았습니다. 다만 방광암과 신우, 요관암의 대부분을 차지하는 이행상피암을 유발하는 몇 가지 위험 인자가 있다고 알려져 있습니다.
 
그중에서는 화학 발암 물질로 인해 직업성으로 발생하는 경우가 가장 대표적입니다. 구체적으로는 현재 제조 및 사용이 금지된 염료나 도료, 예를 들어 벤젠, 베타나프틸라신 등에 장기간 접촉한 경우 신우요관암이나 방광암에 잘 걸린다고 알려져 있습니다.
 
또한 진통제인 페나세틴을 장기 복용한 경우나, 특정 종류의 항암제(사이클로포스아미드)를 사용한 경우에도 신우요관암이 발생하기 쉽다고 합니다.
 
흡연도 이행상피암의 발생 위험률을 높입니다. 또한 만성적인 염증이나 결석 등이 반복적으로 점막을 자극하면 편평세포암과 선암을 일으킬 수 있다고 알려져 있습니다.
 
신우요관암은 요로 내의 여러 장소에서 발생합니다. 또한 재발하기 쉽습니다. 신우와 요관, 신우와 방광에 동시에 암이 생기는 경우도 있습니다. 전체 환자의 30~40% 정도는 신우요관암을 치료한 후에 방광 내에 암이 발생한다고 합니다. 다만 방광암을 치료할 때 내시경 수술 등을 여러 번에 걸쳐 받은 경우를 제외하면 방광암 치료 후에 신우요관암이 발생하는 일은 드뭅니다. 또 신우요관암이 양쪽에서 발생하는 일도 매우 드뭅니다.","신우요관암의 가장 흔한 증상은 육안으로 확인되는 혈뇨입니다. 요관이 혈액으로 막혔거나 암이 주위로 진행되었으면 허리와 등에서 통증이 일어납니다. 이 통증은 요관 결석 때문에 발생하는 통증과 유사합니다.
 
신우요관암 환자는 요관이 서서히 막혀서 수신증이라고 불리는 상부 요로의 확장이 일어나기도 합니다. 이 상태가 너무 오래 지속되면 신장의 기능이 사라져 버리는 경우도 있습니다(무기능 신장). 한쪽 신장이 기능하지 않더라도 다른 한쪽의 신장이 기능을 하기 때문에, 소변의 양이 줄거나 몸이 붓는 등의 신부전 증상은 나타나지 않습니다.
 
최근에는 별다른 증상 없이 건강 검진 중에 우연히 신우 내 종양을 발견하는 경우가 많습니다. 또한 수신증이 나타나 정밀 검사를 한 결과 신우요관암을 발견하는 일이 많아지고 있습니다.","① 방광경 검사
혈뇨가 나타나면, 우선 출혈 원인을 발견하기 위해 방광경 검사를 시행합니다. 신우요관암보다는 방광암의 발생 빈도가 더 높기 때문에, 우선 방광암 유무를 검사합니다. 방광 내에서 종양을 찾을 수 없는 경우, 좌우의 요관구에서 출혈이 있는지 확인합니다.

② 요세포 검사
소변에 암세포가 있는지 확인하는 요세포 검사를 시행합니다. 요세포 검사에서는 암세포의 존재뿐만 아니라 암세포의 이형도를 판정할 수 있습니다. 이형도는 세포의 특성에 따라 1, 2, 3단계로 나누며, 3단계가 가장 좋지 않습니다.
 
③ 배설성 요로 조영술
위의 검사를 시행했는데도 신장 기능에 문제가 없으면 배설성 요로 조영술(IVP)이라는 검사를 시행합니다. 이는 조영제를 정맥을 통해 투여한 후 몇 차례에 걸쳐 X-ray 촬영을 하는 검사입니다. 이 검사를 통해 조영제가 신장에서 신우나 요관으로 배설되는 상황, 종양의 유무 등의 이상을 확인할 수 있습니다.
 
④ 복부 초음파 검사
복부 초음파 검사도 간편하고 유용합니다. 이 검사를 통해 신우 내에 종양이 있는지, 수신증이 있는지, 림프절 전이가 있는지 등을 파악할 수 있습니다.
 
⑤ 역행성 신우 조영술
이상의 검사에서 이상이 나타나면 역행성 신우 조영술(RGP)을 실시합니다. 우선 방광경을 사용하여 가느다란 튜브(카테터)를 요관구에서 신우 쪽으로 삽입합니다. 이때 좌우의 요관에서 직접 소변을 채취하여 요세포 검사를 시행합니다. 또한 이 카테터를 통해 조영제를 주입합니다. 이 검사는 배설성 요로 조영술로는 충분히 조영되지 않은 부위나 충만결손상을 명확하게 조영할 수 있는, 진단 가치가 매우 높은 검사입니다.
 
⑥ 영상 촬영
암의 전이 여부를 확인하기 위해서 CT 검사나 뼈 스캔, 흉부 X-ray 촬영 등을 시행합니다.","① 암이 전이되지 않은 경우
신우요관암 치료는 암의 전이 여부에 따라 크게 달라집니다. 암이 전이되지 않은 경우에는 요세포 검사에서 확인되는 세포의 이형도가 매우 중요합니다. 이형도가 1 정도인 암은 대개 표재암에 해당되며, 전이하거나 침윤하는 일이 매우 드뭅니다. 반대로 이형도 3인 암의 경우 신장 실질 내로 깊게 침윤하거나, 림프절로 일찍 전이되기 때문에 조기에 치료를 시작하는 것이 중요합니다.
 
신우요관암은 주로 외과적으로 치료합니다. 수술 전 검사를 통해 침윤암일 가능성이 있으면 항암 화학 요법을 한 다음에 수술하기도 합니다. 요관의 하단부를 남겨 두면 그곳에서 암이 발생하기 쉽다는 것을 고려해서, 수술할 때는 암이 발생한 쪽의 신장, 요관, 방광 벽의 일부를 모두 절제하는 것이 일반적입니다. 이를 신뇨관 전적출술, 방광 부분절제술이라고 합니다. 신우에 암이 있는 경우, 신장과 신우가 밀접하게 접하고 있기 때문에 신장 전체를 적출해야 합니다. 요관에만 암이 있으면 신장을 적출하지 않고 요관을 부분적으로 절제하기도 합니다.
 
표재암은 치료 성과는 양호하지만 방광 내에서 재발하기 쉽습니다. 침윤암의 예후는 방광암보다 불량합니다. 침윤성 요관암이라면 암이 요관 벽 밖으로 쉽게 진전합니다. 요관 벽이 매우 얇기 때문입니다. 침윤성 신우암이라면 암이 혈관이 풍부한 신장 실질 내로 진전하기 때문에 암을 절제하더라도 전이되는 경우가 많습니다. 이에 따라 수술 결과 침윤성 암으로 판명되면 추가로 항암 화학 요법을 실시합니다.
 
② 암이 전이된 경우
신우요관암이 림프절이나 다른 장기로 전이된 경우에는 수술 대상이 되지 않습니다. 이 경우 시스플라틴이라고 불리는 항암제를 중심으로 하는 몇 가지 종류의 항암제를 사용하여 항암 화학 요법을 실시합니다. 이행상피암은 방사선 치료의 효과가 없지만, 이미 암이 전이되어 수술 치료가 불가능한 경우에는 방사선 치료를 고려할 수 있습니다.
 
③ 치료의 부작용
- 수술적 치료 : 한쪽 신장을 떼어 내도 생활에는 큰 지장이 없기 때문에 부작용은 거의 없다고 할 수 있습니다. 한쪽 신장을 적출했다고 해서 투석이 필요한 경우는 매우 드뭅니다.
- 항암 화학 요법 : 치료 중의 주된 부작용은 백혈구 감소, 혈소판 감소, 신장 기능 장애, 항암제에 의한 구역질, 구토, 식욕 부진, 탈모 등입니다. 항암제의 부작용을 경감시키기 위해 매일 영양제나 체액 유지액을 투여합니다. 또 구역질을 억제하는 약을 사용하기도 합니다. 치료 후 11일 정도가 지나면 백혈구 수가 가장 적어지며, 이에 따라 감염에 대한 저항력이 없어집니다. 백혈구가 감소한 시기에는 아무런 감염이 없는데도 발열 증상이 나타나는 경우가 있습니다.",혈뇨 옆구리 통증 요통 수신증 신세포암종 방광암 신우요관암은 신우와 요관 부위에 발생하는 암을 의 미합니다. 좌우 신장에서 만들어진 소변은 신배에서 신우로 또 여기서 이어지는 요관으로 흘러가 방광에 저장됩니다. 배뇨 시에는 방광에서 요도를 거쳐 소변이 나옵니다. 이 중에서 신우와 요관을 상부 요로라고 부릅니다. 신우 요관과 방광 요도의 일부는 이행상 피라고  불리는 점막으로 구성되어 있습니다. 요로에서는 주로 이행상피암이라고 불리는 암이 발생합니다. 신우요관암도 대부분은 이행상피암입니다. 신우요관암은 비뇨기암 중에서도 드문 암입니다. 발생 빈도는 인구 10만 명당 남성 0.1 여성 0.1 정도입니다. 신우요관암의 가장 흔한 증상은 육안으로 확인되는 혈뇨입니다. 요관이 혈액으로 막혔거나 암이 주위로 진행 되었으면 허리와 등에서 통증이 일어납니다. 이 통증은 요관 결석 때문에 발생하는 통증과 유사합니다. 신우요관암 환자는 요관이 서서히 막혀서 수신증이라고 불리는 상부 요로의 확장이 일어나기도 합니다. 이 상태가 너무 오래 지속되면 신장의 기능이 사라져 버리는 경우도 있습니다(무기능 신장). 한쪽 신장이 기능하지 않더라도 다른 한쪽의 신장이 기능을 하기  때문에 소변의 양이 줄거나 몸이 붓는 등의 신부전 증상은 나타나 지 않습니다. 최근에는 별다른 증상 없이 건강 검진 중에 우연히 신우 내 종양을 발견하는 경우가 많습니다. 또한 수신증이 나타나 정밀 검사를 한 결과 신우요관암을 발견하는 일이 많아지고 있습니다.,혈뇨 환자 좌우 이행 상태 혈액 정밀 허리 빈도 방광암 여성 요관암 서서히 통증 인구 주위 저장 요관 증상 요도 육안 소변 지속 건강 결석 주로 명당 요통 진행 상부 신부전 종양 배뇨 검사 비뇨기 점막 옆구리 발견 세포 요로 이행상 신우 기능 남성 결과 확장 상피 검진 부위 방광 구성 신장 일부 최근 대부분 발생 한쪽 확인 가장,가정의학과,3
양성 전립선 비대증(Benign prostatic hyperplasia),"혈뇨, 배뇨장애, 잔뇨감, 빈뇨, 요로감염, 배뇨곤란, 지연뇨, 야간뇨, 긴박뇨","만성 전립선염, 전립선암","양성 전립선 비대증은 전립선의 크기가 증가하는 질환입니다. 전립선은 남성 생식 기관의 일부로, 정자와 섞여 정액을 구성하는 액체를 만듭니다. 전립선은 방광 아래에 위치하며 요도를 둘러싸고 있습니다. 사춘기에는 전립선이 균등하게 팽창합니다. 그러나 나이가 들수록 요도 옆의 이행대 부위가 집중적으로 비대해집니다. 이로 인해 방광 하부로 소변이 나오는 길을 막아 요도를 통한 소변의 흐름이 감소하거나 막힐 수 있습니다. 장기간 소변 배출에 문제가 생기면 방광 벽이 두꺼워지고 수축력이 손실될 수 있습니다.","전립선은 남성 호르몬에 의존하는 기관이므로, 성장과 기능을 유지하려면 남성호르몬이 지속적으로 작용해야 합니다. 거세로 인해 남성호르몬이 생성되지 않으면 전립선이 위축됩니다. 양성 전립선 비대증의 원인은 아직 명확하게 밝혀지지 않았습니다. 다만 유전적 요인, 가족력, 노화 등이 관련이 있다고 알려져 있습니다. 다른 만성 질환과 마찬가지로 여러 가지 요인이 작용하는 것으로 생각됩니다.","양성 전립선 비대증이 있으면 배뇨를 시작하는 데 어려움을 느끼거나, 소변 줄기가 약해지거나, 소변을 오랫동안 보거나, 소변을 다 본 후에도 개운치 않은 잔뇨감을 느낄 수 있습니다. 그 외에도 빈뇨, 야간뇨, 절박뇨 등의 배뇨 증상이 동반될 수 있습니다.
 
방광이 다 비워지지 않는 상태가 계속되면 합병증이 생길 수 있습니다. 방광에 남아 있는 소변에서 세균이 성장하여 요로 감염이 생길 수 있습니다. 소변 찌꺼기로 인해 방광 결석이 생길 수 있습니다. 전립선의 혈관이 확장되거나 찢어져서 혈뇨가 발생하기도 합니다. 또한 방광이 지속적으로 팽창하였다면 방광 내 압력이 증가하여 양측 수신증이 생기거나 소변이 신장 쪽으로 역류할 수 있습니다. 이런 현상이 장기화되면 신장 기능이 감소합니다.","양성 전립선 비대증을 진단하기 위해서 비뇨기 증상의 중등도를 평가하기 위한 문진과 설문지 검사를 실시합니다. 또한 직장 수지 검사를 시행하여 전립선의 크기, 모양, 경도를 확인합니다. 소변 검사를 통해 혈액과 감염 여부를 확인하고, 초음파 검사를 통해 방광 내 소변량을 측정합니다.
 

 
방광 내부를 확인하거나 이 질환과 동반된 요도 협착을 확인하기 위해 역행성 요도 조영술이나 방광 내시경을 고려할 수 있습니다. 방광의 신경과 배뇨근 기능을 평가하기 위해 요역동학 검사가 필요하기도 합니다.","① 약물 치료
양성 전립선 비대증을 치료하기 위해 우선 약물 치료를 시행합니다. 가장 흔하게 사용되는 약물은 알파 차단제로, 전립선과 방광 경부의 평활근을 이완시켜 원활한 배뇨를 돕습니다. 하지만 알파 차단제는 어지러움, 피로감, 저혈압 등의 부작용을 일으킬 수 있습니다.
 
또한 남성 호르몬의 합성을 차단하는 안드로겐 억제제(5알파환원효소 억제제)를 투약하여 전립선 크기를 줄임으로써 소변의 흐름을 개선할 수 있습니다. 전립선 크기는 개인마다 다르게 감소하지만, 5알파환원효소 억제제를 3~6개월 이상 장기 복용하면 전립선의 크기를 20% 정도 감소시킨다고 알려져 있습니다.
 
② 수술 치료
약물 치료에 충분하게 반응하지 않는 경우, 반복적으로 요로 감염이나 요폐가 발생하는 경우, 방광 결석이 생기는 경우에는 수술적 치료를 고려할 수 있습니다. 수술 치료에는 다양한 방법이 있는데, 환자의 전신 상태와 전립선의 크기에 따라 적절한 치료 방법을 선택해야 합니다.
 
가장 흔한 수술 방법은 경요도 전립선 절제술로, 요도를 통해 내시경을 삽입하여 비대한 전립선을 절제, 지혈하는 것입니다.
 
최근에는 홀뮴레이저를 이용한 경요도 전립선 적출술(홀렙)을 많이 사용합니다. 이는 경요도 전립선 절제술과 마찬가지로 요도를 통해 내시경을 삽입하여 비대한 전립선을 도려내고, 방광 안에서 갈아 꺼내는 방법입니다.
 
두 수술에서 가장 흔하게 나타나는 부작용은 역행성 사정입니다. 이 경우 정액이 음경의 끝으로 나오는 대신 방광으로 흘러 들어가 건조한 오르가즘을 일으킵니다. 또한 수술 후 요실금이 발생할 수 있는데, 대부분 완화되지만 간혹 지속되는 경우도 있습니다.
 
③ 기타
전신 상태가 좋지 않아 수술로 치료하기 힘든 환자의 경우, 일시적 혹은 영구적으로 전립선 요도에 스텐트를 설치하거나, 요도 혹은 치골상부를 통한 유치도뇨관 설치를 고려할 수 있습니다.",혈뇨 배뇨장애 잔뇨감 빈뇨 요로감염 배뇨곤란 지연뇨 야간뇨 긴 박뇨 만성 전립선염 전립선암 양성 전립선 비대증은 전립선의 크기가 증가하는 질환입니다. 전립선은 남성 생식 기관의 일부로 정자와 섞여 정액을 구성하는 액체를 만듭니다. 전립선은 방광 아래에 위치하며 요도를 둘러싸고 있습니다. 사춘기에는 전립선이 균등하게 팽창합니다. 그러나 나이가 들수록 요도  옆의 이행대 부위가 집중적으로 비대해집니다. 이로 인해 방광 하부로 소변이 나오는 길을 막아 요도를 통한 소변의 흐름이 감소하거나 막힐 수 있습니다. 장기간 소변 배출에 문제가 생기면 방광 벽이 두꺼워지고 수 축력이 손실될 수 있습니다. 양성 전립선 비대증이 있으면 배뇨를 시작하는 데 어려움을 느끼거나 소변 줄기가 약해지거나 소변을 오랫동안 보거나 소변을   다 본 후에도 개운치 않은 잔뇨감을 느낄 수 있습니다. 그 외에도 빈뇨 야간뇨 절 박뇨 등의 배뇨 증상이 동반될 수 있습니다. 방광이 다 비워지지 않는 상태가 계속되면 합병증이 생길 수 있습니다. 방광에 남아 있는 소변에서 세균이 성장하여 요로 감염이 생길 수 있습니다. 소변 찌꺼기로 인해 방광 결석이 생길 수 있습니다. 전립선의 혈관이 확장되거나  찢어져서 혈뇨가 발생하기도 합니다. 또한 방광이 지속적으로 팽창하였다면 방광 내 압력이 증가하여 양측 수신증이 생기거나 소변이 신장 쪽으로 역류할 수 있습니다. 이런 현상이 장기화되면 신장 기능이 감소합니다.,거나 이행 생기 생식 줄기 압력 흐름 감소 요로 기능 사춘기 찌꺼기 발생 정액 만성 장애 양성 전립선 상태 소변 결석 액체 배뇨 동반 나이 장기 손실 하부 남성 현상 신장 배출 계속 위치 이로 시작 혈뇨 혈관 정자 질환 빈뇨 세균 합병증 감염 아래 부위 어려움 비대증 장기간 만듭니 역류 전립선암 증상 요도 지속 집중 비대 확장 기관 야간 방광 잔뇨감 전립선염 일부 통한 지연 박뇨 요로감염 남아 팽창 증가 구성 크기,가정의학과,3
납 중독(Lead Poisoning),"복부 통증, 구토, 변비, 경련, 불면증, 두통, 복부팽만감, 빈혈, 성격의변화, 식욕부진, 권태감","용혈빈혈, 지적장애, 발작","납 중독은 급성, 만성으로 납에 노출되어 납의 혈중 농도가 0.4ppm 이상인 경우를 의미합니다. 납은 호흡이나 섭취를 통해 체내로 들어왔을 때 중독성이 있는 금속입니다. 납이 혈류로 들어가면 장기, 조직, 뼈, 치아에 저장됩니다.","납은 부드럽고 가공이 쉬우며 색깔 조성이 잘 되어서 페인트 안료, 도자기 유약, 포장지, 어린이 장난감, 화장품(마스카라, 파마약 등), 학용품(그림물감, 지우개), 건전지, 수도관 등을 만드는 데 사용됩니다. 납은 대개 분진(먼지)이나 증기 상태로 흡입하거나 섭취함으로써 인체에 들어옵니다.","납 중독 증상은 노출 기간과 몸속의 납 농도에 따라 다르게 나타납니다. 초기에는 식욕 부진, 변비, 복부 팽만감이 나타날 수 있으며, 더 진행되면 급성 복통을 호소합니다. 이와 함께 권태감, 불면증, 노이로제, 두통 등의 증상을 호소합니다. 영양 상태가 나빠져 얼굴빛이 창백해지고, 납빛 색을 띠게 됩니다.
 
납 중독이 신경계에 이상을 일으키면 정신 이상, 신체 마비, 빈혈, 구토 등의 증상이 나타나기도 합니다. 신경계 증상이 나타나면 회복이 힘들며, 심한 흥분과 정신착란, 경련, 발작 등을 동반할 수 있습니다.
 
어린이의 경우에는 납이 소량으로 중독되었더라도 지능 및 주의력 저하, 읽기와 배우기 장애, 청각 장애, 비정상적인 과민증, 성장 지연, 성격 변화 등을 일으킬 수 있으므로 특히 주의를 기울여야 합니다.","혈액, 머리카락, 소변, 타액에서 납 농도를 검사하여 진단합니다. 납 중독은 초기에 증상이 없는 경우가 많습니다. 따라서 납 중독의 위험이 있는 어린이는 증상이 없더라도 6~12개월 이내에 혈액 검사를 하는 것이 조기 진단에 도움이 됩니다.","가장 좋은 방법은 납에 대한 노출을 피하고 더 이상 납이 흡수되는 것을 막는 것입니다. 해독 치료가 필요한 경우 Ca-EDTA(칼슘이디티에이)나 페니실아민, DMSA 등을 사용합니다. 이들은 몸속의 납을 흡착해서 몸 밖으로 배출시키는 역할을 합니다. 또, 심각한 납 중독으로 인해 전신 경련, 발작 등의 증상이 일어날 경우 응급 치료를 해야 합니다.",복부 통증 구토 변비 경련 불면증 두통 복부 팽만감 빈혈 성격의 변화 식욕부진 권태감 용혈빈혈 지적장애 발작 납 중독은 급성 만성으로 납에 노출되어 납의 혈 중 농도가 0.4ppm 이상인 경우를 의 미합니다. 납은 호흡이나 섭취를 통해 체 내로 들어왔을 때 중독성이 있는 금속입니다. 납이 혈류로 들어가면 장기 조직 뼈 치아에 저장됩니다. 납 중독 증상은 노출 기 간과 몸 속의 납 농도에 따라 다르게 나타납니다. 초기에는 식욕 부진 변비 복부 팽만감이 나타날 수 있으며 더 진행되면 급성 복통을 호소합니다. 이와 함께 권태감 불면증 노이로 제 두통 등의 증상을 호소합니다. 영양 상태가 나빠져 얼굴빛이 창백해지고 납빛 색을 띠게 됩니다. 납 중독이 신경계에 이상을 일으키면 정신 이상 신체 마비 빈혈 구토 등의 증상이  나타나기도 합니다. 신경계 증상이 나타나면 회복이 힘들며 심한 흥분과 정신 착란 경련 발작 등을 동반할 수 있습니다. 어린이의 경우에는 납이 소량으로 중독되었더라도 지능 및 주의력 저하 읽기와 배우기 장애 청각 장애 비정상적인 과 민증 성장 지연 성격 변화 등을 일으킬 수 있으므로 특히 주의를 기울여야 합니다.,어린이 용혈 두통 상태 성장 식욕 신체 회복 초기 복부 조직 통증 노출 급성 청각 저장 식욕부진 구토 성격 이상인 증상 간과 착란 소량 진행 복통 변비 금속 동반 얼굴빛 팽만감 혈류 변화 정신 비정상 빈혈 장기 저하 경련 주의 중독 치아 마비 흥분 민증 발작 농도 납빛 지연 권태 부진 주의력 영양 지적장애 호흡 만성 섭취 장애 지능 신경계 호소 불면증,가정의학과,1
열 피로(heat exhaustion),"권태감, 차갑고 축축한 피부, 어지러움, 탈수",열사병,"열 피로(일사병)는 열에 의해서 유발되는 가장 흔한 질환 중 하나로, 수분이나 염분이 결핍되어 발생합니다. 무더운 환경에서 심하게 운동하거나 활동한 뒤 발생할 수 있습니다.","열 피로는 더운 곳에서 열심히 운동하거나 장시간 햇볕을 쬐면 발생합니다. 토할 것 같은 느낌, 어지러움, 두통, 경련이 나타나며, 일시적으로 쓰러질 수도 있습니다. 여름에 많이 발생합니다. 하루 중 기온이 제일 높은 낮 2~3시에 활동량이 많으면 주의해야 합니다.","체온이 정상보다 약간 상승하지만, 보통 41℃ 미만입니다. 발한이 지속되고, 탈수가 일어납니다. 두통, 무력감, 식욕 부진, 현기증 등이 나타납니다. 적절히 치료하지 않으면 열사병으로 진행합니다.",가정의학과 또는 응급의학과를 방문하여 의사가 육안으로 확인 또는 문진을 통해 진단합니다.,"더운 환경에서 그늘지고 선선한 장소로 이동합니다. 꼭 끼는 의복을 느슨하게 하며, 가능한 의복을 제거합니다. 의식이 있으면 입으로 1리터의 수분을 섭취하며 쉽니다. 만약 환자의 체온이 오르면서 의식이 나빠지면 입으로 수분을 섭취하는 것을 멈추고 병원으로 이동하여 적절한 치료를 받아야 합니다.",권태감 차갑고 축축한 피부 어지러움 탈수 열사병 열 피로(일사병)는 열에 의해서 유발되는 가장 흔한 질환 중 하나로 수분이나 염분이 결핍되어 발생합니다. 무더운 환경에서 심하게 운동하거나 활동한 뒤 발생할 수 있습니다. 체온이 정상보다 약간 상승하지만 보통 41℃ 미만입니다. 발한 이 지속되고 탈수가 일어납니다. 두통 무력감 식욕 부진 현기증 등이 나타납 니다. 적절히 치료하지 않으면 열사병으로 진행합니다.,거나 미만 상승 두통 체온 식욕 환경 일사병 정상 현기증 피로 보통 지속 질환 운동 진행 피부 활동 수분 결핍 무력감 열사병 염분 발생 권태 부진 치료 어지러움 탈수 가장 유발,가정의학과,0
고산병(Mountain sickness),"의식 변화, 구토, 탈수, 말초부종, 어지러움, 두통, 식욕부진, 수면장애",폐부종,"고산병은 산의 고도가 높아짐에 따라 저산소증이 생길 때 이를 보상하기 위한 신체의 변화를 의미합니다. 고산병은 보통 2,400m 이상의 높이에서 나타납니다. 산을 오를 때 힘들어서 생기는 숨쉬기 힘든 현상과는 다릅니다.",높은 곳은 낮은 곳보다 산소가 부족하여 호흡 시 산소의 흡입이 부족해집니다. 이를 보상하기 위해 호흡수가 늘어나면서 혈액의 점성이 떨어지고 혈액이 신체 곳곳에 산소를 전달하지 못하여 여러 가지 신체 변화가 일어납니다.,"산의 오르막(경사) 정도나 산의 높이, 고산지대에서의 신체활동 정도, 개인의 감수성에 따라 증상이 다르게 나타날 수 있습니다.
 
서서히 머리가 아파지고 피곤해지며 식욕이 없어집니다. 걷는 게 유난히 힘들며 잠이 잘 오지 않습니다. 증상이 악화되면 두통이 더 심해지고 토할 것 같으며 숨쉬기가 매우 힘들어지고 소변 양도 줄어듭니다.","안정을 취하고 있어도 맥박이 110회/분 이상 뛰고 호흡은 20회/분 이상 빠르게 쉬며, 이런 증상이 없는 사람과 비교하여 일직선으로 잘 걸을 수 없고 비틀거리면 고산병을 의심해야 합니다. 증상은 더 이상 올라가지 않으면 없어지지만 개인에 따라 다릅니다.","① 산을 내려오는 게 가장 좋습니다.
② 산소를 사용할 수 있는 경우 산소를 분당 2~3L로 흡입합니다.
③ 충분한 휴식을 취합니다.
④ 산을 내려와도 증상이 없어지지 않으면 병원에서 정확한 진찰을 받아야 합니다.",의식 변화 구토 탈수 말초부종 어지러움 두통 식욕 부진 수면장애 폐부종 고산병은 산의 고도가 높아짐에 따라 저산소증이 생길 때 이를 보상하기 위한 신체의 변화를 의 미합니다. 고산병은 보통 2400m 이상의 높이에서 나타납니다. 산을 오를 때 힘들어서 생기는 숨쉬기 힘든 현상과는 다릅니다. 산의 오르막(경사) 정도나 산의 높이 고산지대에서의 신체활동 정도  개인의 감수성에 따라 증상이 다르게 나타날 수 있습니다. 서서히 머리가 아파지 고 피곤해지며 식욕이 없어집니다. 걷는 게 유난히 힘들며 잠이 잘 오지 않습니다. 증상이 악화되면 두통이 더 심해지고 토할 것 같으며 숨 쉬기가 매우 힘들어지고 소변 양도 줄어듭니다.,어지러움 보상 오르막 두통 머리 식욕 신체 부종 서서히 수면장애 구토 증상 보통 숨쉬기 소변 감수성 의식 악화 고산병 말초 변화 활동 양도 현상 쉬기 산지 개인 고도 부진 경사 오지 폐부종 탈수 산소 높이,가정의학과,0
식중독(Foodborne illness),"복부 통증, 열, 두드러기, 구토, 설사","급성 위장염, 해외여행 시 주의사항","식중독은 음식물을 섭취함으로써 소화기가 감염되어 설사, 복통 등의 증상이 급성 또는 만성으로 나타나는 질환을 통칭합니다. 정확하게는 식품 매개 질환이라고 하는 것이 맞습니다.
 
식중독의 유형을 원인 물질에 따라 분류하면, 식품 안에 들어 있는 미생물이 생산하는 독소에 의한 식중독, 복어, 모시조개 등에 들어 있는 동물성 독소나 버섯, 감자, 피마자씨 등에 들어 있는 식물성 독소에 의한 자연독 식중독, 화학 물질에 의한 화학성 식중독, 세균에 의한 세균성 식중독으로 나눌 수 있습니다.
 
대부분의 경우에는 세균이나 세균의 독소 때문에 식중독이 발생합니다. 장염도 대부분은 음식 섭취와 관련이 있으며, 식중독과 유사한 증상을 보일 수 있습니다.","식중독을 일으키는 원인균은 다양합니다.
 
① 포도상구균
포도상구균은 자연계에 널리 분포된 세균의 하나로, 식중독뿐만 아니라 피부의 화농, 중이염, 방광염 등 화농성 질환을 일으키는 원인균입니다. 우리나라에서 살모넬라 식중독 및 장염 비브리오 식중독 다음으로 많이 일어나는 식중독의 원인균입니다. 수십 종의 포도상구균 중에서도 황색 포도상구균이 식중독을 일으킵니다.
 
② 살모넬라균
살모넬라균은 열에 약하여 저온 살균(62∼65℃에서 30분 가열)으로도 충분히 사멸되기 때문에 조리 식품에 2차 오염이 없다면 살모넬라균에 의한 식중독은 발생하지 않습니다. 그러나 가열한 조리 식품을 먹더라도 살모넬라균에 중독될 수 있는데, 이는 가열이 충분치 못하였거나 조리 식품에 2차 오염이 있었기 때문입니다. 살모넬라균은 저온 및 냉동 상태에서뿐 아니라 건조 상태에도 강하여, 이에 의한 식중독은 6∼9월에 가장 많이 발생하며 겨울에는 발생 빈도가 낮은 편입니다. 특히 최근 개, 고양이 등 애완동물과 녹색 거북이가 살모넬라균의 중요한 오염원으로 주목받고 있습니다.
 
③ 비브리오균
비브리오균으로는 비브리오 파라헤몰리티쿠스(장염 비브리오)와 비브리오 콜레라가 있습니다. 육지에서 비교적 가까운 바다나 갯벌에 분포하는 장염 비브리오균은 수온이 20℃가 넘는 환경에서 왕성히 증식하나, 저온에서는 활동이 둔화되며 5℃ 이하에서는 거의 증식할 수 없습니다. 열에 약하여 60℃에서 15분, 100℃에서 수 분 내로 사멸합니다. 장염 비브리오는 바닷물에 분포하고 있기 때문에 해산 어패류가 오염원이 됩니다. 고등어, 문어, 오징어, 피조개 등의 표피, 내장, 아가미 등에 부착된 장염 비브리오균이 조리 과정 중 회에 오염되고, 시간이 경과하며 오염된 장염 비브리오균이 증식하여 직접 식중독을 일으킬 수 있습니다. 또한 어패류에 부착된 장염 비브리오균이 냉장고, 도마, 행주, 칼 및 조리자의 손을 통하여 다른 식품을 오염시키고, 이 식품을 섭취함으로써 2차 오염으로 식중독을 일으킬 수 있습니다.
 
④ 콜라레균
콜레라균의 자연 서식지는 해변가나 강어귀입니다. 적절한 기온에서 감염을 일으킬 수 있을 정도로 균이 증식했을 때 이에 오염된 식수나 음식물을 섭취하여 1차 감염이 발생합니다. 감염된 환자의 대변을 통하여 다시 식수나 음식물이 오염되면 폭발적인 2차 감염이 발생합니다. 오염된 음식물을 섭취한 지 대개 18~24시간 후에 증상이 나타납니다. 짧게는 6시간 이내, 길게는 5일 이후에도 증상이 나타나기 때문에, 콜레라 발생이 예상되는 경우에는 충분히 추적 관찰을 해야 합니다.
 
⑤ 클로스트리디움 보툴리눔균
클로스트리디움 보툴리눔 식중독은 세균에서 생산된 신경 독소에 의해 증상을 일으키는 신경마비성 질환으로, 치사율이 높은 식중독입니다.
 
⑥ 웰치균
웰치균(Clostridium perfringens)에 의한 식중독은 집단 급식 시설 등 많은 사람의 식사를 조리할 경우 발생하기 쉬워서 '집단 조리 식중독'이라고도 불립니다. 웰치균은 열에 강하며, 아포는 100℃에서 4시간 가열해도 살아남습니다. 공기가 있는 경우에는 자랄 수 없는 혐기성 균입니다. 대량의 식사를 한꺼번에 만들기 위해 가열 조리하면 내부의 공기가 방출되어 공기가 없는 조건이 되고, 그 식품을 다시 냉각하더라도 내부의 공기가 희박해져 웰치균이 자라기 좋은 환경이 됩니다. 이러한 환경에서 균이 급속히 증식하여 식중독을 일으킵니다.","식중독의 잠복기와 증상의 정도는 원인 물질에 따라 다르게 나타납니다.
 
① 포도상구균
2~4시간 잠복기를 거쳐 심한 구토, 어지럼증, 두통 등이 나타납니다.
 
② 살모넬라균
6~72시간 잠복기가 있고, 복통, 설사, 열이 있습니다.
 
③ 비브리오 패혈증
12~48시간 잠복기가 있고, 다리에 출혈을 동반한 수포가 생기며, 고열, 패혈증 등이 나타납니다.
 
④ 이질
3일의 잠복기를 거쳐 설사, 복통, 고열이 나타납니다.
 
⑤ O-157 대장균
3~9일 잠복기를 거쳐 심한 복통과 출혈성 설사, 미열을 동반하는 장염이 나타납니다.",식중독은 몇몇의 경우를 제외하고는 증상이 거의 비슷하기 때문에 단순히 증상만 가지고는 그 원인균을 알 수 없습니다. 역학 조사를 통해 확인합니다. 일부 환자의 경과가 심각한 경우 분변 검사나 배양(stool examination and culture)을 시행하여 확인합니다.,"식중독 증상으로 발생하는 설사와 구토에 의한 탈수를 치료하기 위해 경구나 정맥주사를 통해 수분을 충분히 공급합니다. 이러한 보존적 치료 방법을 사용하면 대부분의 경우에는 증상이 호전됩니다. 그러나 심한 탈수, 혈변 등 심각한 상태를 유발할 수 있으므로, 예방이 최선의 방법입니다. 전문의의 진료를 받고 적절한 치료를 받는 것이 좋습니다.",복부 통증 열 두드러기 구토 설사 급성 위장염 해외여행 시 주의사항 식중독은 음식물을 섭취함으로써 소화기가 감염되어 설사 복통 등의 증상이 급성 또는 만성으로 나타나는 질환을 통칭합니다. 정확하게는 식품 매개 질환이라고 하는 것이 맞습니다. 식중독의 유형을 원인 물질에 따라 분류하면 식품 안에 들어 있는 미생물이 생산하는 독소에 의 한 식중독 복어 모 시조개 등에 들어 있는 동물성 독소나 버섯 감자 피마자씨 등에 들어 있는 식물성 독소에 의 한 자연 독 식중독 화학 물질에 의 한 화학성 식중독 세균에 의 한 세균성 식중독으로 나눌 수 있습니다. 대부분의 경우에는 세균이나 세균의 독소 때문에 식중독이 발생합니다. 장염도 대부분은 음식 섭취와 관련이 있으며 식중독과 유사한 증상을 보일 수 있습니다. 식중독의  잠복기와 증상의 정도는 원인 물질에 따라 다르게 나타납니다. ① 포도상구균 2~4시간 잠복기를 거쳐 심한 구토 어지럼증 두통 등이 나타납니다. ② 살모넬라균 6~72시간 잠복기가 있고 복통 설사 열이 있습니다. ③ 비브리오 패혈증 12~48시간 잠복기가 있고 다리에 출혈을 동반한 수포가 생기며 고열 패혈증 등이 나타납니다. ④ 이질 3일 의 잠복기를 거쳐 설사 복통 고열이 나타납니다. ⑤ O-157 대장균 3~9일 잠복기를 거쳐 심한 복통과 출혈성 설사 미열을 동반하는 장염이 나타납니다.,복어 살모넬라균 동물성 두통 다리 포도상구균 식품 물질 복부 브리 통증 분류 식중독 사항 급성 통칭 해외여행 음식물 구토 위장염 증상 음식 어지럼증 대장균 질환 생기며 복통 자연 동반 두드러기 세균 출혈 원인 감염 미생물 주의 독소 소화기 버섯 수포 장염 이질 미열 식물성 고열 시조 대부분 화학 발생 피마자 만성 섭취 유형 생산 매개 패혈증 감자 관련 잠복기,가정의학과,2
단독(Erysipelas),"림프 부종, 오한, 발진, 열감, 환부 통증","혈관부종, 접촉 피부염","단독은 피부가 연쇄상 구균에 감염되어 피하조직과 피부에 병변이 나타나는 급성 접촉성 전염 질환을 의미합니다. 이 질환의 특징은 병변의 경계가 뚜렷한 것과 납작한 모양으로 빨갛게 부어오르는 것입니다. 단독은 주로 진피의 상부를 침범하여 주위로 빠르게 전파되지만, 근육층을 침범하지 않습니다.","단독의 원인은 연쇄상 구균의 감염입니다. 피부의 작은 상처와 습진, 외과적 절제, 피부 궤양 등을 통해 원인균에 감염됩니다. 비강을 통해 원인균에 감염되는 경우도 있습니다. 주로 노인, 영아, 아동에게 발생합니다. 면역력이 저하된 사람, 당뇨, 알코올 중독자, 피부 궤양이 있는 사람, 곰팡이균 감염자, 혈관 수술로 인한 림프부종이 있는 사람에게서도 잘 발생합니다.","단독 환자는 감염된 후 48시간 이내에 고열, 오한, 피로감, 두통, 구토를 겪고, 감염된 부위의 피부 병변이 경계가 뚜렷하며 납작한 모양으로 빨갛고 빠르게 부어오릅니다. 병변은 단단하며 열감과 통증이 느껴집니다. 증상이 심해지면 수포, 점상 출혈, 피부 괴사가 발생할 수도 있습니다. 팔, 다리, 손가락, 발가락, 눈 주변, 귀, 볼 등에 잘 발생합니다. 얼굴은 한쪽 혹은 양쪽 모두 침범할 수 있습니다. 얼굴 양쪽을 침범할 경우 양 볼과 코를 포함하는 나비 모양의 병변이 나타납니다.","단독은 감염된 환자에게 나타나는 특징적인 피부 병변으로 진단합니다. 혈액 검사, 균 배양 검사를 시행할 수도 있습니다.","단독의 치료는 중증도에 따라 달라지며, 항생제(페니실린, 클린다마이신, 에리스로마이신) 치료를 원칙으로 합니다. 증상은 1~2일 정도면 호전됩니다. 정상 피부로 회복되는 데는 몇 주 정도의 시간이 필요합니다. 재발을 예방하기 위하여 상태가 호전된 후에 예방적 항생제를 사용하기도 합니다. 하지만 이를 통해서도 단독의 재발이 완전히 예방되지는 않습니다.",림프 부종 오한 발진 열감 환부 통증 혈관부종 접촉 피부염 단독은 피부가 연쇄상 구균에 감염되어 피하 조직과 피부에 병변이 나타나는 급성 접촉성 전염 질환을 의 미합니다. 이 질환의 특징은 병변의 경계가 뚜렷한 것과 납작한 모양으로 빨갛게 부어 오르는 것입니다. 단독은 주로 진피의 상부를 침범하여 주위로 빠르게 전파되지만 근육층을 침범하지 않습니다. 단독 환 자는 감염된 후 48시간 이내에 고 열 오한 피로감 두통 구토를 겪고 감염된 부위의 피부 병변이 경계가 뚜렷하며 납작한 모양으로 빨갛고 빠르게 부어 오릅니다. 병변은 단단하며 열감과 통증이 느껴집니다. 증상이 심해지면 수포 점상 출혈 피부 괴사가 발생할 수도 있습니다. 팔 다리 손가락 발가락 눈 주변 귀 볼 등에 잘 발생합니다. 얼굴은 한쪽 혹은 양쪽 모두  침범할 수 있습니다. 얼굴 양쪽을 침범할 경우 양 볼과 코를 포함하는 나비 모양의 병변이 나타납니다.,환부 이내 오한 단독 침범 혈관 두통 다리 양쪽 접촉성 부종 수도 조직 나비 통증 급성 피부염 연쇄 주위 구토 피로 병변 증상 괴사 전파 질환 경계 주로 피하 부어 상부 피부 모양 손가락 전염 주변 출혈 접촉 감염 진피 수포 발진 부위 특징 발생 한쪽 얼굴 림프 발가락 포함,가정의학과,1
갑상선기능항진증(Hyperthyroidism),"부정맥, 빈맥, 설사, 불면증, 무월경, 안구돌출, 신경과민, 피부 건조","갑상선 결절, 갑상선중독증, 갑상선염, 갑상선암, 산후 갑상선염, 갑상선기능저하증",우리 목 안에는 나비 모양의 갑상선이라는 기관이 있습니다. 갑상선에서는 갑상선호르몬을 배출하여 우리 몸의 여러 기능을 조절합니다. 갑상선기능항진증은 갑상선호르몬이 정상보다 많이 분비되어 몸의 에너지가 빨리 소모되고 많은 기능이 항진되는 질병을 말합니다.,갑상선기능항진증의 가장 흔한 원인은 자가면역 질환에 의한 것입니다. 자가면역 질환이란 외부에서 들어온 바이러스를 공격해야 하는 면역력이 자신의 몸을 외부 바이러스로 착각하고 공격하는 질환입니다.,"갑상선 기능이 항진되면 여러 가지 증상이 나타납니다. 신체의 여러 장기가 항진되어 있기 때문에 가만히 있어도 뛰는 효과가 나타납니다. 심박동 수가 빨라지고, 혈압 이상, 숨찬 증상이 나타납니다. 신경질적이고 안절부절못하며 감정의 변화가 심해지는 정서 변화가 나타납니다. 불면증도 생길 수 있습니다. 식욕이 증가해도 체중이 감소하는 경우가 있고, 설사나 변비 같은 소화기 증상이 나타날 수 있습니다. 피부가 건조해지고 땀이 많아지고 머리가 많이 빠질 수 있습니다. 여성의 경우 월경의 양이 줄거나 없어질 수 있고, 남성의 경우 아주 드물지만 여성형 유방이 생길 수 있습니다. 외형적으로는 눈이 앞으로 튀어나오고 목 부위(갑상선 부위)가 커지는 증상이 생깁니다.","갑상선기능항진증을 진단하기 위하여 혈액 검사를 필수적으로 시행해야 합니다. 혈액 검사를 통해 갑상선호르몬의 농도를 검사합니다. 또한 갑상선 초음파, 갑상선 스캔 등도 시행할 수 있습니다.","갑상선기능항진증의 치료 방법에는 세 가지가 있습니다. 첫 번째는 항갑상선 약을 복용하는 방법으로, 우리나라에서 가장 많이 이용하는 치료 방법입니다. 두 번째는 방사성 요오드 치료입니다. 비교적 간단하고 싸다는 장점이 있지만, 갑상선기능저하증이 나타날 수 있으며 임산부에게는 시행할 수 없습니다. 세 번째는 수술 요법입니다. 갑상선종이 매우 크거나 방사성 요오드 치료를 원치 않는 경우에 시행할 수 있습니다.",부정맥 빈맥 설사 불면증 무월경 안구돌출 신경과민 피부 건조 갑 상선 결절 갑상선중독증 갑상선염 갑 상선암 산후 갑상선염 갑 상선기능저하증 우리 목 안에는 나비 모양의 갑상선이라는 기관이 있습니다. 갑상선에서는 갑상선 호르몬을 배출하여 우리 몸의 여러 기능을 조절합니다. 갑상선 기능항진증은 갑상선 호르몬이 정상보다 많이 분비되어 몸의 에너지가 빨리 소모되고 많은  기능이 항진되는 질병을 말합니다. 갑상선 기능이 항진되면 여러 가지 증상이 나타납니다. 신체의 여러 장기가 항진되어 있기 때문에 가만히 있어도 뛰는 효과가 나타납니다. 심 박동 수가 빨라지고 혈압 이상 숨찬 증상이 나타납니다. 신경질적이고 안 절부절 못하며 감정의 변화가 심해지는 정서 변화가 나타납니다. 불면증도 생길 수 있습니다. 식욕이 증가해도 체중이 감 소하는 경우가 있고 설사나 변비 같은 소화기 증상이 나타날 수 있습니다. 피부가 건조해지고 땀이 많아지고 머리가 많이 빠질 수 있습니다. 여성의 경우 월경의 양이 줄거나 없어질 수 있고 남성의 경우 아주 드물지만 여성형 유방이 생길 수 있습니다. 외형적으로는 눈이 앞으로 튀어나오고 목 부위(갑상선 부위)가 커지는 증상이 생깁니다.,조절 에너지 호르몬 체중 아주 중독증 산후 머리 신체 식욕 부정맥 돌출 여성 나비 여러 정상 상선 결절 증상 분비 혈압 항진 신경과민 외형 변비 피부 갑상선 모양 안구 효과 변화 유방 장기 건조 저하 부절 소화기 월경 기능 모되 감정 질병 정서 수가 증가 남성 기관 신경질 부위 숨찬 배출 박동 소하 빈맥 불면증,가정의학과,3
괴혈병(scurvy),"출혈 경향성, 식욕부진, 권태감, 기운없음, 철결핍성 빈혈, 뼈의 변형",구루병,괴혈병은 비타민 C(아스코르빈산)가 결핍되어 결합 조직이 존재하는 여러 신체 부위에 증상을 일으키는 임상 증후군을 의미합니다. 비타민 C(아스코르빈산)는 체내에서 합성되지 않으며 음식물을 통해서만 섭취할 수 있는 필수 영양소입니다. 이는 신체의 결합 조직을 구성하는 콜라겐을 합성하는 데 중요한 역할을 합니다.,"괴혈병의 원인으로는 비타민 C의 섭취 부족, 장의 흡수 장애, 세균 감염으로 인한 체내 비타민 C의 수요량 증가 등이 있습니다.","괴혈병의 증상은 비타민 C가 결핍된 후 3개월이 지나서부터 서서히 나타납니다. 주된 증상으로는 출혈과 뼈의 변질이 있습니다. 괴혈병 초기에는 전신의 권태와 무력감, 식욕 부진, 관절통, 피가 잘 멎지 않는 증상이 나타납니다. 이후에는 구강 점막, 피하, 근육 내, 골막 하, 내장 등에 출혈로 인한 혈종이 나타납니다. 이외에 나선형 머리카락, 피부 각질의 두꺼워짐, 상처 치유 지연, 전신 부종, 우울증, 신경 장애, 심한 입 마름, 안구 건조와 같은 증상도 나타납니다. 비타민 C는 철분 흡수에도 중요한 역할을 하므로 괴혈병이 오래 지속되는 경우 철 결핍성 빈혈에 걸릴 수 있습니다. 드물게 결합 조직에 심한 이상이 나타나면 뼈가 약해지면서 골절이 생길 수 있습니다.","괴혈병을 진단하기 위해서는 비타민 C의 섭취를 부족하게 하는 병력을 찾는 것이 중요합니다. 주로 심각한 영양 실조 상태에 있는 환자, 약물이나 알코올을 남용하는 환자에게서 발생합니다.","괴혈병의 치료 방법은 비타민 C를 보충하는 것입니다. 증상은 대부분 적절한 치료 후 24시간 이내에 개선됩니다. 피하 출혈이나 잇몸 출혈은 수 주 안에 좋아집니다. 비타민 C는 초록 잎채소와 과일에 풍부하게 함유되어 있으므로, 평소에 신맛이 나는 과일, 브로콜리, 딸기, 토마토, 감자, 양배추, 시금치 등을 꾸준히 섭취하면 괴혈병을 예방할 수 있습니다.",출혈 경향성 식욕부진 권태감 기운 없음 철 결핍성 빈혈 뼈의 변형 구루병 괴혈병은 비타민 C(아스코르빈산)가 결핍되어 결합 조직이 존재하는 여러 신체 부위에 증상을 일으키는 임상 증후군을 의 미합니다. 비타민 C(아스코르빈산)는 체 내에서 합성되지 않으며 음식물을 통해서만 섭취할 수 있는 필수 영양소입니다. 이는 신체의 결합 조직을 구성하는 콜라겐을 합성하는  데 중요한 역할을 합니다. 괴혈병의 증상은 비타민 C가 결핍된 후 3개월이 지나서부터 서서히 나타납니다. 주된 증상으로는 출혈과 뼈의 변질이 있습니다. 괴혈병 초기에는 전신의 권태와 무력감 식욕 부진 관절통 피가 잘 멎지 않는 증상이 나타납니다. 이후에는 구강 점막 피하 근육 내 골막 하 내장 등에 출혈로 인한 혈종이 나타납니다. 이외에 나선형 머리카락  피부 각질의 두꺼워짐 상처 치유 지연 전신 부종 우울증 신경 장애 심한 입 마름 안구 건조와 같은 증상도 나타납니다. 비타민 C는 철분 흡수에도 중요한 역할을 하므로 괴혈병이 오래 지속되는 경우 철 결핍성 빈혈에 걸릴 수 있습니다. 드물게 결합 조직에 심한 이상이 나타나면 뼈가 약해지면서 골절이 생길 수 있습니다.,기운 아스코르빈산 치유 나선형 종이 개월 증후군 신체 괴혈병 구루병 식욕 골막 초기 내장 관절통 조직 영양소 부종 서서히 여러 결합 머리카락 식욕부진 증상 음식물 변형 근육 신경 철분 지속 피하 존재 피부 골절 안구 출혈 점막 필수 변질 빈혈 각질 건조 흡수 상처 전신 결핍 합성 무력감 구강 부위 이후 비타민 경향 역할 지연 권태 마름 부진 우울증 섭취 콜라겐 장애 구성,가정의학과,0
춘곤증(spring fatigue),"소화불량, 피로감, 식욕부진, 저림, 어지러움, 불면증, 기운없음, 두통, 낮 시간대의 졸음","만성 피로 증후군, 기면증, 소화불량","춘곤증은 봄이 되어 온몸이 나른해지고 이유 없이 졸음이 쏟아지는 증상입니다. 이러한 춘곤증은 많은 사람이 겪는 증상입니다. 하지만 이는 의학적인 '질병'이 아니라 일종의 생리적 피로감입니다. 춘곤증은 일반적으로 식곤증과 구분 없이 사용되기도 합니다. 춘곤증은 4~5월에 많이 나타나는 특징이 있습니다. 특히 항상 피곤함을 느끼고, 시도 때도 없이 졸리고, 업무 능력이 현저히 떨어지며 크고 작은 사고가 자주 발생합니다.","춘곤증의 원인은 확실하지는 않습니다. 하지만 차갑고 건조하던 겨울 날씨가 갑자기 따뜻해지면서 외부의 온도와 습도에 큰 변화가 생기고, 상대적으로 긴 겨울에 적응했던 신체가 새로운 환경에 적응하는 과정에서 피로감이 잘 나타날 수 있기 때문이라고 설명할 수 있습니다.","춘곤증의 증상에는 피로, 졸음, 집중력 저하, 권태감, 나른함, 업무 능력 저하, 의욕 저하 등이 있습니다. 손발 저림, 두통, 불면증, 현기증, 식욕 부진, 소화 불량 등이 나타나기도 합니다.",춘곤증은 봄철에 자주 피곤하고 주간 졸림이 심하다면 의심해 볼 수 있습니다.,"춘곤증을 이기는 방법은 다른 계절의 건강관리 방법과 특별히 다르지 않습니다.
 
먼저 영양 보충을 충분히 하는 것이 중요합니다. 편식을 피하고 봄나물을 포함한 음식을 골고루 먹습니다. 봄철에는 상대적으로 신진대사가 왕성해지면서 비타민의 요구량이 증가하므로, 신선한 채소와 과일을 많이 섭취하여 피로 회복과 면역력 향상에 도움을 주는 것이 필요합니다. 비타민 B는 콩, 현미, 보리 등의 잡곡에 많이 들어있습니다. 비타민 C는 냉이, 달래, 미나리, 도라지 등의 봄나물과 조리하지 않은 야채, 과일 등에 많이 들어있습니다. 이런 식품을 많이 먹는 것이 좋습니다.
 
두 번째, 규칙적인 유산소 운동이 필요합니다. 적어도 1주일에 3회 이상의 운동을 해야 합니다. 1회에 30분 이상 운동하는 것이 좋습니다. 달리기, 수영, 자전거 타기, 에어로빅 체조 등의 유산소 운동 중 즐겁게 할 수 있는 운동을 합니다.
 
세 번째, 규칙적인 일과를 따르는 충분한 수면이 필요합니다. 잠드는 시간이 다소 다르더라도 아침 기상 시간은 일정하게 유지하도록 합니다. 낮에 많이 졸리면 잠깐 눈을 붙이는 것은 좋지만, 본격적으로 낮잠을 자는 것은 바람직하지 않습니다. 낮잠을 20분 이상 자면 몸의 리듬이 다시 수면 리듬으로 가기 때문에 일어났을 때 몸이 적응하기 어려울 수 있습니다. 
 
낮잠을 길게 자면 밤에 잠이 오지 않아 다음 날 더 피곤해지는 악순환이 반복될 수 있습니다. 잠자리에 누워도 잠이 잘 오지 않는다면 불면증에 대해 너무 걱정하지 말고 아예 잠자리에서 일어나서 다른 일을 하도록 합니다. 그 외에도 스트레스에 대한 대처가 중요합니다. 봄철에는 이사, 진학 등과 같은 환경의 변화가 많습니다. 그것이 좋은 일이건 나쁜 일이건 간에 모두 스트레스로 작용합니다. 스트레스를 잘 관리하는 것이 필요하겠습니다.",소화불량 피로감 식욕부진 저림 어지러움 불면증 기운 없음 두통 낮 시간대의 졸음 만성 피로 증후군 기면증 소화불량 춘곤증은 봄이 되어 온몸이 나른해지고 이 유 없이 졸음이 쏟아지는 증상입니다. 이러한 춘곤증은 많은 사람이 겪는 증상입니다. 하지만 이는 의학적인 '질병'이 아니라 일종의 생리적 피로 감입니다. 춘곤증은 일반적으로 식곤증과 구분 없이 사용되기도  합니다. 춘곤증은 4~5월에 많이 나타나는 특징이 있습니다. 특히 항상 피곤함을 느끼고 시도 때도 없이 졸리고 업무 능력이 현저히 떨어지며 크고 작은 사고가 자주 발생합니다. 춘곤증의 증상에는 피로 졸 음 집중력 저하 권태감 나른함 업무 능력 저하 의욕 저하 등이 있습니다. 손발 저림 두통 불면증 현기증 식욕 부진 소화 불량 등이 나타나기도 합니다.,기운 저림 두통 증후군 생리 식욕 일종 사고 졸리 불량 의욕 기면증 현기증 식욕부진 증상 피로 항상 시도 손발 자주 현저 집중 소화 식곤증 구분 의학 저하 질병 시간대 기도 업무 특징 온몸 능력 발생 권태 졸음 부진 만성 어지러움 사용 불면증,가정의학과,2
헬리코박터균 감염(Helicobacter pylori infection),"위염, 소화불량, 무증상, 십이지장궤양, 위궤양","위암, 위궤양, 급성 위장염",헬리코박터균 감염증은 위점막과 점액 사이에 기생하는 나선 모양의 헬리코박터 파일로리라는 세균에 의한 감염 질환을 말합니다. 이 균의 감염은 위암 발병의 중요한 원인 중 하나로 알려져 있습니다. WHO(세계보건기구)는 1994년 헬리코박터 파일로리 감염을 발암 인자로 규정하였습니다.,"헬리코박터균 감염증은 위점막과 점액 사이에 기생하는 나선 모양 헬리코박터 파일로리균이 원인이 됩니다. 정확한 감염 경로는 알려지지 않았지만 사람과 사람 사이에 전파되는 것으로 추정됩니다.
 
대변에 있는 오염된 물질이 입을 통해 유입되어 감염되거나 입에서 입으로 감염되기도 합니다. 내시경 등의 기구를 통해서 감염되기도 합니다. 물을 통해서도 감염되는 경우도 있으며, 음식을 한 그릇에 놓고 함께 먹음으로써 전염되기도 합니다. 비위생적인 생활 습관을 통해서도 전염이 이루어지기도 합니다.","헬리코박터균 감염증의 증상은 균주의 다양성과 숙주의 감수성에 따라 다르게 나타납니다. 이 균에 감염되더라도 증상이 없는 경우가 많기 때문에 대부분 무증상 감염이 지속됩니다. 일부의 경우에서만 증상이 나타납니다. 가벼운 소화 불량, 급성 위염, 만성 활동성 위염, 미란, 만성 위축성 위염, 위궤양, 십이지장 궤양, 위암 등의 증상이 나타납니다.","헬리코박터균 감염증은 혈액 검사나 위내시경 하 조직 검사, 튜브를 통해 숨을 내쉬게 하여 공기를 모아 검사하는 요소호기 검사(UBT)를 통해 진단합니다. 요소호기 검사는 호흡을 통해 간단하게 그 자리에서 결과를 알 수 있는 정확하고 민감도 있는 검사입니다. 이는 내시경으로 인한 불편감이나 고통이 없으므로 많이 사용되는 방법입니다.","헬리코박터균 감염증 환자가 모두 치료받아야 할 필요는 없습니다. 대한소화기학회의 가이드라인에 따르면 모든 위궤양 환자, 합병증을 동반한 십이지장 궤양 환자, 조기 위암 환자, 변연부 B 세포 림프종 환자는 반드시 치료를 받아야 합니다. 위암 환자의 직계가족, 설명되지 않는 철 결핍성 빈혈, 만성 특발 혈소판 감소증 환자에게는 헬리코박터 박멸 치료가 도움이 된다고 합니다.
 
헬리코박터균 감염증의 치료는 헬리코박터 파일로리라는 균을 제거하는 것입니다. 궤양을 치료하는 약제와 항생제를 섞어 사용합니다. 1~2주 정도 약을 복용하며, 복용 후에는 70% 정도의 균이 없어집니다. 치료 4주 후에는 세균이 모두 박멸되었는지에 대한 재검사를 시행해야 합니다.",위염 소화불량 무증상 십이지장궤양 위궤양 위암 위궤양 급성 위장염 헬리코박터균 감염증은 위 점막과 점액 사이에 기생하는 나선 모양의 헬리코박터 파일로리라는 세균에 의 한 감염 질환을 말합니다. 이 균의 감염은 위암 발병의 중요한 원인 중 하나로 알려져 있습니다. WHO(세계보건기구)는 1994년 헬리코박터 파일로리 감염을 발암 인자로 규정하였습니다. 헬리코 박터균 감염증의 증상은 균주의 다양성과 숙주의 감수성에 따라 다르게 나타납니다. 이 균에 감염되더라도 증상이 없는 경우가 많기 때문에 대부분 무증상 감염이 지속됩니다. 일부의 경우에서만 증상이 나타납니다. 가벼운 소화 불량 급성 위염 만성 활동성 위염 미란 만성 위축성 위염 위궤양 십이지장 궤양 위암 등의 증상이 나타납니다.,위염 궤양 박터균 감염증 불량 다양성 위궤양 기생 로리 발병 규정 급성 십이지장 숙주 헬리 위장염 무증상 증상 지속 헬리코박터균 질환 감수성 모양 사이 점막 세균 원인 위축 감염 소화 코박터 주의 활동 세계보건기구 위암 미란 일부 나선 대부분 발암 인자 점액 파일 만성,가정의학과,2
유당분해효소결핍증(Lactose intolerance),"설사, 복부 불편감, 복부팽만감, 복부 통증, 오심",음식 알레르기,"유당은 우유에 함유된 물질입니다. 유당 분해 효소인 락타아제가 부족한 사람이 유당을 섭취하면, 유당이 소장에서 삼투 현상에 의해 수분을 끌어들임으로써 팽만감과 경련을 일으키고, 대장을 통과하면서 설사를 유발합니다. 이러한 현상을 유당분해효소결핍증이라 합니다.","유당분해효소결핍증의 원인은 크게 3가지로 분류됩니다.
 
① 일차성 유당분해효소 결핍
광범위하게 나타납니다. 인종에 따라 발생률이 다릅니다. 유제품(우유, 치즈, 아이스크림, 요거트 등) 섭취 정도와 유당을 소화할 수 있는 개인의 능력과 관계가 깊습니다. 동양인은 어려서부터 락타아제의 결핍이 나타나 백인과 비교하였을 때 유당분해효소결핍증이 있는 경우가 많습니다. 
 
② 이차성 유당분해효소 결핍
유당분해효소를 분비하는 소장 세포가 장내 감염(로타바이러스 등) 등에 의해 손상을 받아 염증이 발생하면, 염증이 자연 치유되면서 락타아제 세포가 함께 소실되어 재생되지 않을 수 있습니다. 락타아제가 소실된 상태에서 우유를 섭취하면 유당이 제대로 소화되지 못하여 대장으로 직접 이동하여 유당분해효소결핍증이 나타납니다.
 
③ 선천성 유당분해효소 결핍
상염색체 열성 유전 질환으로. 드물게 나타납니다. 신생아가 모유나 우유를 섭취한 후 난치성 설사 현상을 나타냅니다.","우유를 마신 후 속이 불편하거나 더부룩한 느낌, 설사와 복통, 복부 팽만, 오심 등의 증상이 나타날 수 있습니다. 증상을 일으키는 유당량은 개인마다 다릅니다. 유당 섭취량, 락타아제의 결핍 정도, 섭취 유당 함유 식품의 형태에 따라 좌우됩니다.","유당분해효소결핍증은 병력, 증상, 진찰 등을 종합해서 진단할 수 있습니다. 유당 내성 검사(lactose tolerance test), 호흡의 수소량 측정(breath hydrogen test), 변 산도 검사(stool acidity test) 등으로 확진할 수 있습니다.","유당분해효소결핍증이 있더라도 부분적으로 소화된 제품(요구르트, 치즈, 가공유)을 섭취하는 등 새로운 방법을 이용할 수 있으므로 우유와 유제품을 기피할 필요는 없습니다. 따뜻한 우유를 먹으면 찬 우유를 먹는 것보다 증세가 완화됩니다. 영양이 많은 우유를 무조건 먹지 않기보다는, 조금씩 자주 마셔서 증세를 조금씩 치료해나가는 것이 좋습니다. 우유 대신 치즈, 요구르트 등의 식품을 먹는 것도 좋은 방법입니다. 소화를 돕는 성분을 첨가한 유제품을 구입해도 좋습니다. 우유를 다른 식품과 함께 먹으면 소화가 느려져 훨씬 수월하게 먹을 수 있습니다.
 
유제품은 어린이 성장에 필요한 단백질 등의 영양소 공급원으로, 유제품을 먹지 않으면 칼슘 섭취량이 부족해질 수 있습니다. 따라서 우유를 대체할 방법을 찾아야 합니다. 또한 모유를 먹인 아기는 어떠한 경우에도 모유를 계속 먹여야 합니다. 신생아 및 유아의 유당분해효소결핍증은 우유 알레르기와 구분해야 합니다. 전문의의 진단을 받고 그 결과에 따라 우유를 선택해야 합니다.",설사 복부 불편감 복부 팽만감 복부 통증 오심 음식 알레르기 유당은 우유에 함유된 물질입니다. 유당 분해 효소인 락타아제가 부족한 사람이 유당을 섭취하면 유당이 소장에서 삼투 현상에 의해 수분을 끌어들임으로써 팽만감과 경련을 일으키고 대장을 통과하면서 설사를 유발합니다. 이러한 현상을 유당분해효소 결핍증이라 합니다. 우유를 마신 후 속이 불편하거나 더부룩한  느낌 설사와 복통 복부 팽만 오심 등의 증상이 나타날 수 있습니다. 증상을 일으키는 유당량은 개인마다 다릅니다. 유당 섭취량 락타아제의 결핍 정도 섭취 유당 함유 식품의 형태에 따라 좌우됩니다.,불편 유당 형태 좌우 식품 물질 복부 대장 통증 우유 유발 느낌 음식 증상 분해 삼투 복통 유당량 제의 효소 팽만감 수분 경련 결핍 오심 현상 소장 개인 락타 섭취 분해효소 함유 알레르기 통과,가정의학과,0
수족냉증(Coldness of hands and feet),"시림, 환부 냉감","류마티스 관절염, 갑상선기능저하증, 레이노병, 폐경기 및 여성의 갱년기 상태, 손목 수근관 증후군",수족냉증은 추위를 느끼지 않을 온도에서 손이나 발이 지나치게 차가운 상태를 의미합니다.,"수족냉증은 추위 등 외부 자극에 의해 혈관이 수축되면서 손발 같은 말초 부위에 혈액이 적게 공급되어 발생합니다. 출산이나 폐경과 같은 호르몬 변화, 스트레스와 같은 정신적 긴장으로 인해 발생하기도 합니다. 수족냉증은 다양한 원인 질환에 의해 생길 수 있으며, 현재까지 확실한 이유는 밝혀지지 않았습니다.","수족냉증 환자는 따뜻한 곳에서도 손발의 냉감을 호소합니다. 때로는 무릎이 시리며 아랫배, 허리 등 다양한 신체 부위에서 냉기를 느끼기도 합니다. 남성보다 여성, 특히 출산을 끝낸 여성이나 40대 이상의 중년 여성에게 더 많이 나타납니다. 수족냉증이 중년 여성에게서 많이 발생하는 이유는 여성이 남성에 비해 호르몬의 변화가 크기 때문이며, 정서적으로 긴장을 많이 하고 예민하기 때문이기도 합니다.","수족냉증은 여러 다른 질병에 동반될 수 있는 증상이므로 다른 질병과 감별할 수 있는 검사를 시행해야 합니다. 손발이 차다는 증상이 비슷하여 수족냉증과 레이노 증후군을 혼동하기 쉬운데, 손이 자주 저리면서 체온과 손발의 온도 차가 2℃ 이상인 경우, 피부 색깔이 푸른색으로 변하면서 통증이 동반되는 경우에는 레이노 증후군을 의심할 수 있습니다. 그 외 손목 터널 증후군이나 류마티스 관절염, 갑상선기능저하증, 갱년기 증상 등도 의심해 보아야 합니다.",수족냉증의 원인 질환이 있으면 그것을 치료해야 합니다. 이와 더불어 생활 습관을 교정하여 치료합니다. 손발뿐만 아니라 몸 전체를 따뜻하게 하는 것이 중요합니다.,시림 환부 냉감 류마티스 관절염 갑상선기능저하 증 레이노병 폐경기 및 여성의 갱년기 상태 손목 수근관 증후군 수족냉증은 추위를 느끼지 않을 온도에서 손이나 발이 지나치게 차가운 상태를 의 미합니다. 수족냉증 환자는 따뜻한 곳에서도 손발의 냉감을 호소합니다. 때로는 무릎이 시리며 아랫배 허리 등 다양한 신체 부위에서 냉기를 느끼기도 합니다. 남성보다 여성 특 히 출산을 끝낸 여성이나 40대 이상의 중년 여성에게 더 많이 나타납니다. 수족냉증이 중년 여성에게서 많이 발생하는 이유는 여성이 남성에 비해 호르몬의 변화가 크기 때문이며 정서적으로 긴장을 많이 하고 예민하기 때문이기도 합니다.,환부 관절염 폐경기 환자 호르몬 상태 증후군 레이 신체 허리 여성 중년 긴장 온도 수족 갑상선 시리 손발 변화 수근 무릎 추위 저하 갱년기 기능 정서 남성 냉증 부위 기도 출산 발생 시림 류마티스 손목 노병 때로는 냉기 이유 호소 크기 냉감,가정의학과,2
새집 증후군(Sick building syndrome),"피부 건조, 두통, 코막힘, 천식, 발진","천식, 아토피성 피부염, 알레르기 비염, 두드러기",새집 증후군은 새로 지은 집에 입주했을 때 이전에 없던 이상 증상이 신체에 나타나는 것을 통칭하는 명칭입니다. 집안의 공기 오염에 의한 반응 중 화학 물질에 의한 반응을 의미합니다.,"새집 증후군은 휘발성 화학물질 때문에 발생합니다. 대표적인 물질은 포름알데히드입니다. 포름알데히드는 자극성 냄새를 가진 무색 기체로, 물에 잘 녹는 특성이 있습니다. 주로 방부제, 접착제의 원료(건축, 가구 산업), 실내 장식을 위한 스프레이식 페인트에 사용되어 문제를 일으킵니다. 새집에 포름알데히드를 함유한 건축 자재를 사용했다면 이것이 수년 동안 실내로 방출될 수 있습니다.
 
이외의 실내 화학물질로는 크실렌, 톨루엔, 벤젠, 유기인 및 연소방지제 등이 있습니다. 이중에서 가장 문제가 되는 것은 내장제입니다. 특히 염화비닐은 천장, 벽, 마루의 쿠션, 시트 등에 많이 사용됩니다.","새집으로 이사한 직후 여러 증상을 호소하는 경우가 많습니다. 아토피 피부염, 천식 등 기존의 알레르기 질환이 악화되거나, 특별한 이유 없이 두드러기가 생깁니다. 눈, 코, 후두 및 기도 점막의 자극에 의해 증상이 나타납니다. 예컨대 눈이 아프거나 가렵고, 목이 따갑거나 쉬고, 기침하는 등의 증상이 나타납니다. 이외에 비특이적 증상으로 두통을 호소하거나, 쉽게 피로하거나, 무기력증에 빠질 수 있습니다.
 
새집 증후군으로 인한 증상은 개인차가 큰 편입니다. 면역력이 약한 유아, 고령자는 증상이 더욱 심합니다. 알레르기 질환을 앓고 있는 환자는 증상이 악화됩니다.","새집 증후군을 진단하기 위한 검사는 없습니다. 새집으로 이사한 과거력, 관련 증상, 생활 습관, 화학 물질에 대한 반응 등을 문진을 통해 확인합니다.","새집 증후군은 새집으로 이사한 이후 발생한 증상에 따라 알맞게 치료합니다. 
 
천식, 비염, 두드러기, 피부염 등과 같은 각각의 증상에 따른 치료가 필요합니다. 이러한 치료와 함께 실내 오염원을 제거해야 합니다. 실내 공기의 오염을 유발하는 물질을 사용하지 않는 것이 가장 효과적입니다. 가급적 천연 소재, 포름알데히드 처리를 하지 않은 합판, 자연 소재의 마감 소재를 사용하면 피해를 줄일 수 있습니다. 실내 환기 역시 중요합니다. 창문, 문을 열어 자연스럽게 환기가 이루어지도록 합니다. 요리 등 실내 공기를 오염시키는 활동을 하는 경우에 자주 환기해야 합니다. 
 
새집으로 이사하는 경우, 입주하기 7일 정도 전에 실내 난방온도를 30℃ 이상으로 8시간 정도 유지하여 휘발성 유기물질을 없애도록 합니다. 기존에 알레르기 질환을 앓고 있는 경우, 새집보다는 지은 지 3년 이상 된 집으로 이사하는 것이 새집 증후군을 피하는 데 도움이 됩니다.",피부 건조 두통 코 막힘 천식 발진 천식 아토피성 피부염 알레르기 비염 두드러기 새집 증후군은 새로 지은 집에 입주했을 때 이전에 없던 이상 증상이 신체에 나타나는 것을 통칭하는 명칭입니다. 집안의 공기 오염에 의 한 반응 중 화학 물질에 의 한 반응을 의 미합니다. 새집으로 이사한 직후 여러 증상을 호소하는 경우가 많습니다. 아토피 피부염 천식 등 기존의 알 레르기 질환이 악화되거나 특별한 이 유 없이 두드러기가 생깁니다. 눈 코 후두 및 기도 점막의 자극에 의 해 증상이 나타납니다. 예컨대 눈이 아프거나 가렵고 목이 따갑거나 쉬고 기 침하는 등의 증상이 나타납니다. 이외에 비특이적 증상으로 두통을 호소하거나 쉽게 피로하거나 무기력증에 빠질 수 있습니다. 새집 증후군으로 인한 증상은 개인차가 큰 편입니다. 면 역력이 약한 유아 고령자는 증상이 더욱 심합니다. 알레르기 질환을 앓고 있는 환자는 증상이 악화됩니다.,거나 환자 지은 두통 증후군 새집 신체 물질 편입 반응 더욱 명칭 여러 피부염 통칭 직후 레르기 증상 특이 질환 악화 고령자 피부 무기력증 두드러기 점막 천식 건조 유아 자극 가렵 기존 이사 아토피 발진 기도 집안 후두 비염 화학 침하 개인 공기 오염 이전 호소 알레르기,가정의학과,0
대사 증후군(Metabolic syndrome),복부비만,"고혈압, 당뇨병, 비만","대사 증후군은 여러 가지 신진대사(대사)와 관련된 질환이 동반된다(증후군)는 의미입니다. 고중성지방혈증, 낮은 고밀도콜레스테롤, 고혈압 및 당뇨병을 비롯한 당대사 이상 등 각종 성인병이 복부 비만과 함께 발생하는 질환을 의미합니다.","대사 증후군의 발병 원인은 명확하지 않습니다. 인슐린 저항성(insulin resistance)이 근본적인 문제라고 추정됩니다. 인슐린 저항성은 혈당을 낮추는 호르몬인 인슐린에 대한 신체의 반응이 감소함으로써, 근육 및 지방세포가 포도당을 잘 섭취하지 못하게 되고, 이를 해결하고자 더욱 많은 인슐린이 분비되어 여러 문제를 유발하는 것을 의미합니다. 
 
복강 내의 내장지방은 대사적으로 매우 활발하게 활동하며 여러 물질을 분비합니다. 이러한 물질은 혈압을 올리고 혈당 조절 호르몬인 인슐린의 역할을 방해합니다. 이는 고인슐린혈증, 인슐린 저항성, 혈당 상승을 초래합니다. 당뇨병과 심혈관 질환의 발생 위험성을 높이고, 혈관 내 염증과 응고를 유도하여 동맥경화를 유발합니다. 이렇게 유발된 고혈압, 당뇨병, 고인슐린혈증은 심혈관 질환이 발생할 위험성을 높입니다.","대상 증후군의 주요 증상으로는 복부 비만이 있습니다. 이외에는 별다른 증상이 나타나지 않지만, 그 구성 요소나 합병증으로 인한 증상이 나타나기도 합니다.","아래의 기준 중 세 가지 이상에 해당하는 경우에 대사 증후군으로 진단합니다.
① 허리둘레 : 남자 90cm, 여자 80cm 이상
② 중성지방 : 150mg/dL 이상
③ 고밀도 지방 : 남자 40mg/dL 미만, 여자 50 mg/dL 미만
④ 혈압 : 130/85 mmHg 이상, 혹은 고혈압약 투약 중
⑤ 공복 혈당 : 100mg/L 이상, 혹은 혈당조절약 투약 중","대사 증후군을 치료하기 위해서는 체지방, 특히 내장지방을 줄이는 것이 가장 중요합니다. 이를 위해서는 적절한 식사 조절과 규칙적이고 꾸준한 운동이 필요합니다. 대사 증후군을 구성하는 질환은 생활습관병입니다. 균형 잡힌 식사, 규칙적인 운동과 금연, 절주 등으로 건강한 생활습관을 유지한다면, 대사 증후군을 치료하고 이로 인한 합병증을 예방하여 건강한 삶을 유지할 수 있습니다.",복부비만 고혈압 당뇨병 비만 대사 증후군은 여러 가지 신진대사(대사)와 관련된 질환이 동반된다(증후군)는 의 미입니다. 고 중성지방 혈증 낮은 고밀도 콜레스테롤 고혈압 및 당뇨병을 비롯한 당 대사 이상 등 각종 성인병이 복부 비만과 함께 발생하는 질환을 의 미합니다. 대상 증후군의 주요 증상으로는 복부 비만이 있습니다. 이외에는 별다른 증상이 나타나지 않지만 그  구성 요소나 합병증으로 인한 증상이 나타나기도 합니다.,콜레스테롤 증후군 신진대사 복부 여러 주요 증상 고혈압 대사 지방 질환 당뇨병 동반 밀도 합병증 요소 혈증 복부비만 대상 중성 비만 발생 성인병 구성 관련,가정의학과,2
만성 피로 증후군(Chronic Fatigue Syndrome),"피로감, 기억장애, 권태감, 식욕부진, 수면장애, 전신 통증","거북목 증후군, 우울증, 수면 장애","만성 피로 증후군은 특별한 원인 질환 없이 임상적으로 설명되지 않는 피로가 6개월 이상 지속적 또는 반복적으로 나타나 일상생활에 심각한 영향을 미치는 상태를 의미합니다. 일반 피로는 휴식으로 회복됩니다. 반면에, 만성 피로 증후군은 휴식으로도 회복되지 않으며, 정신적, 육체적 활동에 의해 심해지는 피로 증상이 지속적으로 발생하여 일상생활에 상당한 지장을 줍니다. 만성 피로를 호소하는 환자 중 2~5% 정도가 만성 피로 증후군입니다. 만성 피로 증후군의 원인은 대부분 우울증과 과도한 업무 스트레스입니다.","피로를 유발하는 원인은 다양합니다. 약물이 피로의 원인인 경우도 있습니다. 이뇨제, 베타차단제와 같은 일부 항고혈압제, 신경안정제, 항우울제, 소염진통제 (마약성 진통제 포함), 대부분의 항경련제, 부신피질 스테로이드제, 감기약 (항히스타민제 포함), 경구 피임약, 니코틴 (담배) 등이 피로를 유발할 수 있습니다. 과로, 수면 부족, 임신 등의 생리적인 원인, 스트레스, 우울증, 불안증 등의 정신적인 원인, 감염, 내분비질환, 대사 질환, 류마티스 질환, 혈액 질환 및 악성 종양 등이 피로의 원인인 경우도 있습니다. 
만성 피로 증후군은 이러한 피로와는 구별됩니다. 아직 만성 피로 증후군의 원인은 분명하지 않습니다. 다만 만성 피로 증후군은 여러 유발 요인들이 복합적으로 작용하여 발생한다고 추정됩니다. 유발 요인으로는 바이러스 감염, 면역학적 이상, 신경호르몬계 이상, 중추신경계 이상, 정신적인 요인 등이 있습니다.","만성 피로 증후군의 증상은 개인마다 다양하게 나타날 수 있습니다. 만성 피로 증후군의 가장 일반적인 증상은 다음과 같습니다. 
 
① 별다른 원인 없이 심한 피로를 느끼며, 이러한 피로가 6개월 이상 지속됩니다.
② 집중력 저하, 기억력 장애, 수면 장애, 위장 장애 등의 증상이 나타납니다. 
③ 이외에 복통, 흉통, 식욕 부진, 오심, 호흡 곤란, 체중 감소, 우울, 불안 등 다양한 증상을 호소할 수 있습니다.
 
정확한 진단 및 만성 피로를 유발하는 다른 질환을 배제하기 위해서는 전문의의 진료가 필요합니다.","만성 피로 증후군를 진단하는 데는 1994년 미국의 질병 통제 예방센터(Centers for Disease Control and Prevention, CDC)에서 정한 기준이 가장 널리 사용됩니다.
 
1) 가장 핵심이 되는 만성 피로와 관련된 증상은 다음과 같이 정의됩니다.
① 임상적으로 평가되거나 설명되지 않는 새로운 피로가 6개월 이상 지속적 또는 반복적으로 나타납니다.
② 현재의 힘든 일 때문에 생긴 피로가 아니어야 합니다.
③ 휴식으로 증상이 호전되지 않아야 합니다.
④ 직업, 교육, 사회, 개인 활동이 만성 피로가 나타나기 전보다 실질적으로 감소해야 합니다. 
 
2) 위와 같은 피로 이외에 다음 증상 중 4가지 이상이 동시에 6개월 이상 지속되어야 합니다.
① 기억력 또는 집중력 장애
② 인후통
③ 경부 또는 액와부 림프선 압통
④ 근육통
⑤ 다발성 관절통
⑥ 새로운 두통
⑦ 잠을 자도 상쾌한 느낌이 없음
⑧ 운동 또는 힘든 일을 한 이후에 나타나는 심한 권태감
 
3) 위의 증상들이 다른 질환에 의해 발생한 것이라면 만성 피로 증후군이 아닙니다.","만성 피로 증후군에 대한 특별한 치료법은 없습니다. 환자의 증상 개선에 비교적 효과가 있고, 연구 결과가 축적된 치료법으로는 인지 행동 치료와 점진적인 유산소 운동 치료가 있습니다. 이외에도 많은 치료법이 제시되었지만, 아직 전문가 사이에서 이견이 많고 근거가 부족합니다.
① 인지 행동 치료
인지 행동 치료는 정신 치료의 한 형태입니다. 인지 행동 요인이 증상의 악화와 관련이 있습니다. 이 때문에 인지 행동은 만성 피로 증후군을 치료하는 데 이용됩니다. 원인에 대한 설명, 치료 동기 부여, 피로 관련 상태 유발 상황 인지, 피로 유발 상황 변화 시도, 기본 육체적 활동의 성취와 유지, 단계적인 육체 활동 증가, 작업 재활 시도, 개인 생활 복원 등이 치료의 중요한 요소입니다. 환자는 이러한 요소를 성취하면서 증상에 어떻게 대응하는지 학습합니다.
② 점진적인 유산소 운동 치료
점진적인 유산소 운동 치료에는 걷기, 자전거 타기, 수영 등이 있습니다. 이는 물리치료사의 도움을 받아 시작하는 것이 좋습니다. 매우 천천히, 조금씩 운동량을 증가시키는 것이 중요합니다. 때로 운동을 시작한 후에 증상이 악화할 수 있습니다. 이 경우 전문가의 도움을 받아야 합니다.",피로감 기억장애 권태감 식욕부진 수면장애 전신 통증 거북목 증후군 우울증 수면 장애 만성 피로 증후군은 특별한 원인 질환 없이 임상적으로 설명되지 않는 피로가 6개월 이상 지속적 또는 반복적으로 나타나 일상생활에 심각한 영향을 미치는 상태를 의 미합니다. 일반 피로는 휴식으로 회복됩니다. 반면에 만성 피로 증후군은 휴식으로도 회복되지 않으며 정신적 육체적  활동에 의 해 심해지는 피로 증상이 지속적으로 발생하여 일 상생활에 상당한 지장을 줍니다. 만성 피로를 호소하는 환자 중 2~5% 정도가 만성 피로 증후군입니다. 만성 피로 증후군의 원인은 대부분 우울증과 과도 한 업무 스트레스입니다. 만성 피로 증후군의 증상은 개인마다 다양하게 나타날 수 있습니다. 만성 피로 증후군의 가장 일반적인 증상은 다음과 같습니다 . ① 별다른 원인 없이 심한 피로를 느끼며 이러한 피로가 6개월 이상 지속됩니다. ② 집중력 저하 기억력 장애 수면 장애 위장 장애 등의 증상이 나타납니다. ③ 이외에 복통 흉통 식욕 부진 오심 호흡 곤란 체중 감소 우울 불안 등 다양한 증상을 호소할 수 있습니다. 정확한 진단 및 만성 피로를 유발하는 다른 질환을 배제하기 위해서는 전문의의  진료가 필요합니다.,진료 환자 체중 개월 증후군 상태 식욕 회복 휴식 흉통 지장 통증 스트레스 수면장애 반복 전문의 식욕부진 증상 피로 수면 지속 질환 우울 영향 복통 반면 위장 과도 상적 원인 정신 배제 집중 설명 활동 저하 감소 불안 진단 전신 오심 거북목 생활 업무 일상생활 대부분 발생 권태 육체 개인 부진 호흡 우울증 장애 만성 호소 가장 기억 유발,가정의학과,0
냉방병(Air-conditioningitis),"콧물, 권태감, 설사, 소화불량, 재채기, 코막힘, 복부 불편감","상기도 감염, 만성 피로 증후군","냉방병은 냉방 중인 사무실이나 집 등에서 오랜 시간 머물 때 나타나는 가벼운 감기, 두통, 근육통, 권태감, 소화불량 같은 임상 증상을 지칭하는 일반적인 용어입니다. 엄밀한 의미의 의학 용어는 아닙니다.","냉방병은 신체 기능이 여름 온도에 적응된 상태에서 지나치게 차가운 한랭 환경이 오랫동안 지속될 때 우리 몸이 기온 차이에 제대로 적응하지 못하여 발생합니다. 실내외 온도 차가 5~8℃ 이상 되는 환경에 오래 노출되면, 말초혈관의 급속한 수축을 동반한 혈액 순환의 이상 및 자율신경계 기능의 변화 등이 발생하여 냉방병 증상이 나타납니다. 특히, 고혈압, 당뇨병, 심폐 기능 이상, 관절염 등 만성 질환이 있는 사람들이 냉방병에 취약합니다.","뇌의 혈류량이 감소하여 어지럽고 졸릴 수 있으며, 두통이 발생할 수 있습니다. 장운동이 변화하여 소화불량, 복통, 설사 등 다양한 위장관 증상이 나타날 수 있습니다. 또 근육 수축이 불균형하여 근육통이 생길 수 있습니다. 여성의 경우에는 호르몬 이상 때문에 생리가 불규칙해지기도 합니다. 이 밖에 혈류의 변화로 인해 얼굴과 손, 발 등에 냉감을 느끼고, 얼굴이 화끈거리고, 가슴이 두근거리기도 합니다. 체내에서 열을 보충하기 위해 계속 열을 생산하기 때문에 쉽게 피로를 느낍니다. 일부 환자는 잘 낫지 않는 감기 증상을 호소합니다.","여름철에 장기간 냉방에 노출된 후, 앞서 기술한 여러 가지 증상이 발생하면 냉방병으로 진단할 수 있습니다. 하지만 증상이 심하거나 오래 지속될 경우에는 유사한 증상을 보이는 레지오넬라증을 감별하기 위해 전문의에게 진료를 받는 것이 좋습니다. 레지오넬라증은 에어컨 냉각수에서 레지오넬라균이 번식하여 에어컨 공기를 통해 퍼져 발생하는 질환입니다. 이것은 특히 면역 기능이 약화된 사람에게 잘 나타납니다.","냉방병의 증상은 대부분 냉방 환경을 개선하면 호전됩니다. 그러나 이러한 증상으로 인해 일상생활이 불편하다면 각각의 증상을 완화할 수 있는 약물 치료를 시행하는 것이 좋습니다. 고열, 기침, 근육통 등의 증상이 심한 경우에는 다른 질환과의 감별을 위해 반드시 전문의에게 진료를 받아야 합니다.",콧물 권태감 설사 소화불량 재채기 코막힘 복부 불편감 상기도 감염 만성 피로 증후군 냉방병은 냉방 중인 사무실이나 집 등에서 오랜 시간 머물 때 나타나는 가 벼운 감기 두통 근육통 권태감 소화불량 같은 임상 증상을 지칭하는 일반적인 용어입니다. 엄밀한 의미의 의학 용어는 아닙니다. 뇌의 혈류량이 감소하여 어지럽고 졸릴 수 있으며 두통이 발생할 수 있습니다 . 장 운동이 변화하여 소화불량 복통 설사 등 다양한 위장관 증상이 나타날 수 있습니다. 또 근육 수축이 불균형하여 근육통이 생길 수 있습니다. 여성의 경우에는 호르몬 이상 때문에 생리가 불규칙해지기도 합니다. 이 밖에 혈류의 변화로 인해 얼굴과 손 발 등에 냉감을 느끼고 얼굴이 화끈거리고 가슴이 두근거리기도 합니다. 체 내에서 열을 보충하기 위해 계속 열 을 생산하기 때문에 쉽게 피로를 느낍니다. 일부 환자는 잘 낫지 않는 감기 증상을 호소합니다.,가슴 불편 환자 용어 호르몬 두통 증후군 수축 생리 사무실 복부 장관 상기 불량 여성 감기 증상 재채기 피로 근육 보충 운동 냉방 복통 혈류 위해 변화 감염 소화 의학 류량 감소 의미 근육통 거리 지칭 호소 화끈 중인 기도 콧물 일부 발생 권태 계속 얼굴 만성 불균형 생산 냉감,가정의학과,2
동상(Frostbite),"무감각, 물집, 창백, 청색증, 피부소양감",횡문근융해증,동상이란 심한 추위(한랭)에 노출됨으로써 신체 부위의 생리적인 보상 기전이 실패하여 국소적인 조직 손상이 발생하는 것을 의미합니다.,"피부의 혈액순환은 체온 유지에 가장 중요한 요소입니다. 인체는 섭씨 15℃(화씨 59℉) 이하에서 피부에 가까운 혈관을 수축시켜 중심 체온을 유지하려는 특징이 있습니다. 아주 추운 날씨나 환경에 오랜 시간 노출되면, 혈관이 지속적으로 수축함으로써 신체 말단부에 공급되는 혈류가 감소하여 조직이 손상됩니다. 이것이 바로 동상입니다. 따라서 동상은 심장에서 멀리 떨어진 신체 부위와 추위에 노출되는 손가락, 발가락, 귀, 코 등에 잘 생깁니다.
 
신체 조직은 섭씨 영하 2℃(화씨 28℉) 이하가 되면 얼기 시작하며, 세포 내에 얼음 결정이 생겨 손상됩니다. 이 세포들이 재가온되며 세포가 터지면 추가 손상이 생깁니다. 또한 체액과 단백질이 손상된 혈관으로 새어 나와 부종과 수포를 일으킵니다.","동상의 증상은 노출 정도에 따라 달라집니다. 가장 흔한 증상으로서, 동상 환자의 75%는 무감각을 겪습니다. 초기에는 가벼운 건드림, 통증, 온도에 대한 감각이 손실됩니다. 혈관이 심하게 수축되어 손상되면 지각 마비(무감각증, anesthesia)가 옵니다.
 
조직이 부분적으로 손상될 때는 간헐적인 통증이 발생합니다. 정상적인 감각이 느껴지고, 따뜻하고, 초기에 수포가 생기면 예후가 좋습니다. 그러나 출혈성 수포가 생기거나 부종이 형성되지 않으면 예후가 나쁩니다.",한랭 환경에 노출된 기왕력과 임상 양상을 통해 동상을 진단할 수 있습니다. 그러나 조직 손상을 정확하게 평가하는 진단 방법은 없습니다.,"가벼운 동상을 입었을 때는 해당 부위를 따뜻하게 해 주면 됩니다. 그러나 중증의 동상을 입었을 때는 응급실에 가야 합니다. 병원에 가기 전에 젖은 옷을 벗기고 동상이 걸린 부위를 움직이지 않게 합니다. 마찰을 통해 열을 내면 오히려 조직 손상을 더 일으킬 수 있습니다. 이송 중에는 점진적이고 부분적으로 녹지 않도록 마른 열을 피해야 합니다. 완전히 해동할 수 없다면 현장에서 해동하는 것은 피해야 합니다.
 
동상 치료에는 급속 재가온법을 사용합니다. 섭씨 37~42℃ 정도의 온수조에 피부가 말랑말랑해지고 홍조가 생길 때까지 동상 부위를 담가서 녹입니다. 대개 30~60분 정도가 소요되며, 이때 상당히 통증이 심하므로 특별한 금기가 없으면 진통제를 사용할 수 있습니다. 일단 피부가 녹으면 혈액응고 억제제(blood-thinning medication), 항염증제, 항생제 등으로 치료합니다. 일부 괴사 조직을 제거할 수 있습니다. 고단백 식사와 금연도 치료에 도움이 됩니다.",무감각 물집 창백 청색증 피부 소양감 횡문근융해증 동상이란 심한 추위(한랭)에 노출됨으로써 신체 부위의 생리적인 보상 기 전이 실패하여 국소적인 조직 손상이 발생하는 것을 의 미합니다. 동상의 증상은 노출 정도에 따라 달라집니다. 가장 흔한 증상으로서 동상 환자의 75%는 무감각을 겪습니다. 초기에는 가벼운 건드림 통증 온도에 대한 감각이 손실됩니다. 혈관이  심하게 수축되어 손상되면 지각 마비(무감각증 anesthesia)가 옵니다. 조직이 부분적으로 손상될 때는 간헐적인 통증이 발생합니다. 정상적인 감각이 느껴지고 따뜻하고 초기에 수포가 생기면 예후가 좋습니다. 그러나 출혈성 수포가 생기거나 부종이 형성되지 않으면 예후가 나쁩니다.,창백 보상 환자 혈관 수축 생리 신체 생기 형성 지각 초기 부종 조직 통증 노출 정상 동상 감각 증상 청색 융해증 온도 피부 소양감 횡문근 전이 출혈 추위 수포 손실 손상 대한 물집 마비 부위 무감각 발생 부분 한랭 가장,가정의학과,1
소화불량(Dyspepsia),"체중감소, 포만감, 가슴 쓰림, 구토, 트림, 복부 통증, 식후 불쾌감","식도염, 메켈 게실, 위암, 췌장염, 췌장암, 급성 위장염, 위식도 역류성 질환","소화불량은 음식을 섭취한 후 일어나는 소화 장애 증상을 총칭하는 용어입니다. 소화불량은 위와 간-담도계 질환을 비롯한 소화 기관에서 다양한 원인에 의해 나타나는 모든 불쾌감과 증상을 의미합니다. 이는 하나의 증상만을 말하는 것이 아닙니다. 속쓰림, 트림, 구역질, 상복부 불쾌감, 위장의 팽만감 등과 같은 소화기 증세와 더불어 복통까지 동반되어 일어나는 모든 증상을 포함합니다.","소화불량의 원인은 소화기 질환, 심장 질환, 전신적인 질환, 정신적인 질환을 포함하여 매우 다양합니다. 소화불량은 췌장염, 담낭 질환, 위암, 만성 충수돌기염과 같은 소화 기관의 질병이나 소화 기관 이외의 부위에 생긴 빈혈, 폐결핵, 심부전, 요로감염증과 같은 병으로 인하여 발생할 수 있습니다. 식사 습관이 불규칙하거나 급하게 식사하는 등 잘못된 식습관으로 인해 음식물이 충분한 소화 효소의 작용을 거치지 않아서 소화불량이 발생하는 경우가 있습니다. 식사 중에, 혹은 평상시에 습관적으로 공기를 삼켜 더부룩한 증상이 계속되는 경우도 있습니다. 과다한 흡연, 커피·술의 과다 섭취, 특정 음식에 대한 과민성이 소화불량의 원인이 될 수 있으며, 불규칙한 배변 습관과 일상생활에서 받는 다양한 스트레스가 원인이 되기도 합니다.","소화불량은 음식을 섭취한 후 소화가 안 되는 증상뿐만 아니라 식후 포만감, 식욕 부진, 복부 팽만감, 조기 포만감, 트림, 상복부 불쾌감 또는 통증, 속쓰림, 오심(메스꺼움), 구토, 위산 역류, 가슴앓이 등 소화기계 증상을 모두 포함합니다. 가장 흔한 소화불량의 증상은 식후 불쾌감과 포만감입니다. 증상은 대개 주기적으로 또는 지속적으로 나타나며, 호전과 악화를 반복합니다.","소화불량을 유발하는 질환은 소화기 질환뿐만 아니라 심장 질환, 전신적인 질환, 정신 질환 등 매우 다양합니다. 소화불량의 원인을 정확하게 파악하기 위해서는 동반 증상, 음식과의 관계, 음식 섭취 후 관련 증상이 나타나는 시간, 지속 시간, 스트레스와의 관계 등을 면밀히 살피는 것이 가장 중요합니다. 나이가 많은 소화불량 환자에게 체중 감소, 구토 등의 증상이 심하게 나타나면, 기질적인 병변이 원인이 되었을 가능성이 큽니다. 따라서 기본 검사에서 이상이 없더라도 정밀 검사를 시행하여 전신적 원인을 찾아야 합니다. 
 
소화불량은 위 투시, 위내시경 검사, 초음파 검사, 컴퓨터 단층촬영(CT) 검사 등 기본적인 검사를 시행하여 진단할 수 있습니다. 가장 중요한 검사는 상부 위장관 내시경 검사입니다. 이를 통해 소화성 궤양, 역류성 식도염, 위암 등을 직접 눈으로 확인할 수 있고, 조직 생검을 통해 악성 궤양을 감별할 수 있습니다. 헬리코박터 파일로리(Helicobacter pylori) 감염 유무도 검사할 수 있습니다. 이 검사법은 이처럼 많은 장점이 있어 많이 사용됩니다. 간, 췌장, 담낭 등 내부 장기의 질환이 의심되면 복부 초음파 검사를 시행합니다. 필요하면 CT 검사를 시행할 수도 있습니다. 특히 내시경 검사에서는 정상이었더라도 위식도 역류 증상이 나타나면 식도 산염기(pH) 검사가 진단에 도움을 줍니다.","소화불량은 유발 원인이 다양한 만큼 치료 방법도 다양합니다. 소화불량이 다른 병으로 인해 발생했다면 그 질환을 치료하면 됩니다. 그러나 기능성 소화불량은 기질적인 병변 없이 다양한 임상 형태로 나타납니다. 또한 식이 및 정신적 스트레스 등의 영향을 많이 받으면서 증상의 호전과 악화를 반복하기 때문에 단순하게 치료되지 않습니다. 이런 경우, 장기적으로 약물을 복용하는 것보다는 증상이 심할 때만 약물을 복용하고, 평소에는 생활 습관의 개선 및 식이 요법에 중점을 두는 것이 바람직합니다. 
 
생활 습관의 개선을 위해서는 규칙적으로 생활하고 적당하게 운동해야 하며 충분히 휴식을 취해야 합니다. 식이 요법으로는 맵거나 자극성이 강한 음식, 지방이 많은 음식, 술, 담배, 커피, 탄산가스가 포함된 음료수를 피하고, 천천히 잘 씹어 먹는 습관을 들여 위의 부담을 줄이는 것이 있습니다. 아울러 과식과 스트레스를 피해야 합니다. 취침 2~3시간 전에는 식사를 하지 않아야 합니다. 생활 요법만으로 증상이 완화되지 않는다면, 증상에 따라 위산 분비 억제제, 제산제 등의 궤양 치료제, 위장관 운동 촉진제 등의 약물을 적절히 사용합니다.",체중 감소 포만감 가슴 쓰림 구토 트림 복부 통증 식후 불쾌감 식도염 메켈 게 실 위암 췌장염 췌장암 급성 위장염 위식도 역류성 질환 소화불량은 음식을 섭취한 후 일어나는 소화 장애 증상을 총칭하는 용어입니다. 소화불량은 위와 간-담도계 질환을 비롯한 소화 기관에서 다양한 원인에 의 해 나타나는 모든 불쾌감과 증상을 의 미합니다. 이는 하나의 증상만을 말하는  것이 아닙니다. 속 쓰림 트림 구역 질 상복부 불쾌감 위장의 팽만 감 등과 같은 소화기 증세와 더불어 복통까지 동반되어 일어나는 모든 증상을 포함합니다. 소화불량은 음식을 섭취한 후 소화가 안 되는 증상뿐만 아니라 식 후 포만감 식욕 부진 복부 팽만감 조기 포만감 트림 상복부 불쾌감 또는 통증 속 쓰림 오심(메스꺼움) 구토 위산 역류 가슴앓이 등 소화기계 증상을   모두 포함합니다. 가장 흔한 소화불량의 증상은 식후 불쾌감과 포만 감입니다. 증상은 대 개 주기적으로 또는 지속적으로 나타나며 호전과 악화를 반복합니다.,가슴 위산 체중 용어 식욕 포만 식도염 역류 복부 조기 불량 모든 호전 통증 트림 급성 식후 반복 구토 위장염 음식 증상 지속 질환 메켈 복통 악화 동반 위장 팽만감 구역 원인 불쾌감 소화 감소 소화기 오심 기적 역류성 췌장염 기관 총칭 위암 췌장암 메스꺼움 가슴앓이 부진 섭취 장애 증세 가장 포함,가정의학과,2
수면 장애(Sleep Disorder),"수면 무호흡, 수면 시작이 어려움, 수면 중 이상한 행동, 수면 주기의 변화, 수면 유지가 어려움, 낮 시간대의 졸음, 입수면기의 환각, 수면 마비, 몽유병","섬유근육통, 우울증, 비중격 만곡, 라임병, 만성 피로 증후군, 외상 후 스트레스 장애, 수면 무호흡증, 기면증, 하지불안증후군, 분리 불안 장애, 수면보행증, 폐경기 및 여성의 갱년기 상태, 고산병, 자가면역 질환","수면 장애는 제대로 잠을 잘 수 없는 상태를 말합니다. 인구의 약 20% 이상이 경험하는 흔한 질환입니다. 잠을 자면서 보내는 시간이 우리 일생의 삼 분의 일을 차지할 정도로 수면은 우리 모두에게 중요한 일입니다. 수면 관련 연구가 빠르게 발전하고 있지만, 아직도 우리 일생의 매우 중요한 부분인 수면을 많이 이해하지 못하고 있습니다. 
 
수면에는 기본적으로 두 가지 종류가 있습니다. 첫 번째는 '렘수면(REM sleep)'으로, 기억을 포함하여 지적인 일과 관련된 기능을 회복시키는 역할을 합니다. 하룻밤 잠의 사 분의 일을 차지하며, 꿈과 관련이 있습니다. 두 번째는 '비 렘수면(non-REM sleep)'으로, 우리의 육체적인 기능을 회복시키는 역할을 합니다. 얕고 깊은 단계로 나누어지며, 깊은 단계는 하룻밤 잠의 초기 3/4에 해당됩니다. 이러한 수면이 제대로 이루어지지 않는 것을 수면 장애라고 합니다.","최근 들어 수면 장애 환자가 증가하고 있습니다. 그 이유는 스트레스 증가, 노령화, 물질 남용, 교통의 발달(수면 주기 변화) 등으로 생각할 수 있습니다.","수면 장애에는 다양한 질환이 있습니다. 일반적으로 수면 장애는 수면 이상과 사건 수면으로 나눕니다. 수면 이상은 수면-각성 주기에 변화가 생기는 것으로, 불면증, 과다 수면, 기면병, 수면 무호흡증이 있습니다. 사건 수면에는 악몽, 야경증, 몽유병 등이 있습니다. 다양한 수면 관련 질환에서 보이는 증상은 다음과 같습니다.
 
① 졸음
수면 장애 환자는 낮 시간대에 졸음을 호소하는 경우가 많습니다. 낮에 주체할 수 없을 정도로 졸리고, 갑자기 졸음이 오고, 순간 멍해지는 것은 수면 장애의 증상 중 하나입니다. 어떤 행동을 하다가, 심지어 걷다가 갑자기 졸음에 빠지기도 합니다.
 
수면 무호흡증이 있으면 낮에 졸린 경우가 많습니다. 수면 무호흡증은 자면서 간헐적으로 숨이 멎는 증상을 말합니다. 수면 무호흡증 환자는 호흡을 회복하기 위해 코를 곱니다. 이러한 코골이 현상은 숨이 멎는 증상과 함께 나타납니다. 깨어 있을 때의 호흡은 정상이며, 본인은 수면 중 무호흡을 알지 못합니다. 야간 수면 동안 반복적으로 일어나서 수면의 질이 하락하고, 이 때문에 낮에도 잠이 많이 옵니다.
 
기면병이 있어도 낮에 잠이 오는 경우가 많습니다. 기면병의 증상 중 하나인 탈력 발작은 근육의 긴장이 갑자기 풀려서 부분적으로 힘이 빠지거나 온몸의 힘이 완전히 빠져 그 자리에 쓰러지는 것을 말합니다. 탈력 발작은 주로 놀라거나 웃거나 화났을 때, 즉 감정적인 자극이 있을 때 유발됩니다. 탈력 발작 중에는 의식은 있지만 몸을 움직일 수는 없습니다.
 
② 야경증
야경증은 잠든 지 한 시간 내에 공포를 느끼며 혼돈된 상태로 깨어나는 증상입니다. 주로 아동에게서 나타납니다. 맥박이 빨리 뛰고 지남력이 없지만 꿈의 내용은 기억하지 못합니다. 악몽은 병이 아니고 자연적인 꿈의 현상입니다. 단지 악몽이 자주 반복되고 수면을 심각하게 방해한다면 도움이 필요합니다.
 
③ 몽유병
몽유병은 대개 10세부터 15세 사이에 보입니다. 성인의 몽유병은 좀 더 심각할 수 있습니다. 가족력이 없는 경우에는 심각한 스트레스와 관련되어 생기기도 합니다.
 
④ 렘수면 행동 장애
렘수면 행동 장애란 옆에서 자는 사람을 때리거나 환자가 침대에서 일어나다가 다치는 증상을 말합니다. 렘수면 시기에는 정상적으로 근육의 긴장이 풀려야 하는데, 이 소실이 제대로 되지 않아 꿈에서 하는 행동을 똑같이 현실에서 하는 것입니다.
 
⑤ 수면 파괴
야간 수면 파괴는 밤에 잠을 잘 때 여러 번 깨는 것을 말합니다. 때때로 잠에서 깬 뒤 무의식적으로 음식을 찾아서 먹기도 합니다.
 
⑥ 입수기/입면기 환각
입수기/입면기 환각은 잠이 들려고 할 즈음 강렬하고 생생하며 무서운 경험을 하는 환각을 말합니다. 오감이 모두 느껴져서 실제와 구별하기가 어려운 경우도 있습니다. 수면 장애가 없더라도 나타날 수 있습니다. 그러나 수면 마비가 동반되고 환각이 자주 발생할 경우 불편감을 심하게 겪을 수 있으므로 정신과적 진료를 받아 보기를 권장합니다.
 
⑦ 수면 마비
수면 마비는 잠이 들거나 깰 때 움직이려고 하지만 움직일 수 없는 증상을 말합니다.","수면 장애를 진단할 때 가장 중요한 것은 환자와 함께 자는 사람에게서 정보를 얻는 것입니다. 환자 본인은 대부분 수면 중에 일어나는 일을 잘 모르기 때문입니다. 또한 확진을 위하여 수면 다원 검사가 필요한 경우도 있습니다. 수면 다원 검사는 환자가 수면검사실에서 하룻밤 자면서 뇌파, 안구 운동, 근전도, 코골이, 호흡 등 자는 동안의 다양한 정보를 기록하는 검사입니다. 기면증이 의심되는 환자는 수면잠복기 반복 검사를 함께 시행하기도 합니다. 이는 환자가 낮에 잠을 얼마나 빨리 자는지 확인하면서 이때 렘수면이 동반되는지 확인하는 검사입니다.","수면 장애 중 가장 흔한 유형은 불면증입니다. 불면증은 무조건 수면제를 복용해서 치료하지 않습니다. 우선 수면 습관 및 수면 환경을 개선하는 등 비약물적 치료를 시행합니다. 그 내용은 다음과 같습니다.
 
① 낮잠을 피합니다. 정말 졸린 경우에는 아침에 일어난 지 5~8시간이 지난 후 10~15분 정도만 낮잠을 잡니다. 또한 잠자리에 있는 시간을 정하여, 만약 8시간이라고 하면 8시간 이상 잠자리에 누워 있지 않습니다.
 
② 매일 규칙적인 운동을 합니다. 다만 자기 6시간 전에는 운동을 마쳐야 합니다.
 
③ 수면을 방해하는 물질을 피해야 합니다. 담배를 피운다면 저녁 7시 이후에는 담배를 피우지 않습니다. 카페인이 들어 있는 커피나 홍차, 콜라, 초콜릿 등은 먹지 않습니다. 술도 가급적이면 삼가야 합니다.
 
④ 수면에 적절한 환경을 만듭니다. 시계는 잠자리에서 보이지 않는 곳에 두고, 밤에 일어나더라도 시계를 보지 않습니다. 침실은 어둡고 조용하게 유지하며, 필요시 귀마개나 눈가리개를 이용합니다.
 
⑤ 잠들기 위해 지나치게 노력하기보다는 긴장을 풀고 편안한 느낌이 들도록 노력합니다. 10분 이상 잠이 오지 않으면 일어나서 단순하고 반복적인 작업을 하며 잠이 올 때까지 기다립니다.
 
⑥ 침대는 반드시 잠을 자는 용도로만 사용합니다. 침대에서 일하는 습관을 버려야 합니다.
 
이 밖에 의사의 처방에 따라 작용 시간이 짧은 수면제를 복용할 수도 있습니다.",수면 무호흡 수면 시작이 어려움 수면 중 이상한 행동 수면 주기의 변화 수면 유지가 어려움 낮 시간대의 졸음 입수면기의 환각 수면 마비 몽유병 섬유근육통 우울증 비중격 만곡 라임병 만성 피로 증후군 외상 후 스트레스 장애 수면 무호흡증 기면증 하지 불안증후군 분리 불안 장애 수면보행증 폐경기 및 여성의 갱년기 상태 고산병 자가 면역 질환 수면 장애는 제대로  잠을 잘 수 없는 상태를 말합니다. 인구의 약 20% 이상이 경험하는 흔한 질환입니다. 잠을 자면서 보내는 시간이 우리 일생의 삼 분의 일을 차지할 정도로 수면은 우리 모두에게 중요한 일입니다. 수면 관련 연구가 빠르게 발전하고 있지만 아직도 우리 일생의 매우 중요한 부분인 수면을 많이 이해하지 못하고 있습니다. 수면에는 기본적으로 두 가지 종류 가 있습니다. 첫 번째는 '렘 수면(REM sleep)'으로 기억을 포함하여 지적인 일과 관련된 기능을 회복시키는 역할을 합니다. 하룻밤 잠의 사 분의 일을 차지하며 꿈과 관련이 있습니다. 두 번째는 '비 렘수면(non-REM sleep)'으로 우리의 육체적인 기능을 회복시키는 역할을 합니다. 얕고 깊은 단계로 나누어지며 깊은 단계는 하룻밤 잠의 초기 3 /4에 해당됩니다. 이러한 수면이 제대로 이루어지지 않는 것을 수면 장애라고 합니다. 수면 장애에는 다양한 질환이 있습니다. 일반적으로 수면 장애는 수면 이상과 사건 수면으로 나눕니다. 수면 이상은 수면-각성 주기에 변화가 생기는 것으로 불면증 과 다 수면 기면 병 수면 무호흡증이 있습니다. 사건 수면에는 악몽 야경증 몽유병 등이 있습니다. 다양한 수면 관 련 질환에서 보이는 증상은 다음과 같습니다. ① 졸음 수면 장애 환자는 낮 시간대에 졸음을 호소하는 경우가 많습니다. 낮에 주체할 수 없을 정도로 졸리고 갑자기 졸음이 오고 순간 멍해지는 것은 수면 장애의 증상 중 하나입니다. 어떤 행동을 하다가 심지어 걷다가 갑자기 졸음에 빠지기도 합니다. 수면 무호흡증이 있으면 낮에 졸린 경우가 많습니다. 수 면 무호흡증은 자면서 간헐적으로 숨이 멎는 증상을 말합니다. 수면 무호흡증 환자는 호흡을 회복하기 위해 코를 곱니다. 이러한 코골이 현상은 숨이 멎는 증상과 함께 나타납니다. 깨어 있을 때의 호흡은 정상이며 본인은 수면 중 무호흡을 알지 못합니다. 야간 수면 동안 반복적으로 일어나서 수면의 질이 하락하고 이 때문에 낮에도 잠이 많이 옵니다. 기면병이  있어도 낮에 잠이 오는 경우가 많습니다. 기면 병의 증상 중 하나인 탈력 발작은 근육의 긴장이 갑자기 풀려서 부분적으로 힘이 빠지거나 온몸의 힘이 완전히 빠져 그 자리에 쓰러지는 것을 말합니다. 탈력 발작은 주로 놀라거나 웃거나 화났을 때 즉 감정적인 자극이 있을 때 유발됩니다. 탈력 발작 중에는 의식은 있지만 몸을 움직일 수는 없습니다. ② 야경증  야경증은 잠든 지 한 시간 내에 공포를 느끼며 혼돈된 상태로 깨어나는 증상입니다. 주로 아동에게서 나타납니다. 맥박이 빨리 뛰고 지 남력이 없지만 꿈의 내용은 기억하지 못합니다. 악몽은 병이 아니고 자연적인 꿈의 현상입니다. 단지 악몽이 자주 반복되고 수면을 심각하게 방해한다면 도움이 필요합니다. ③ 몽유병 몽유병은 대 개 10세부터 15세 사이에 보 입니다. 성인의 몽유병은 좀 더 심각할 수 있습니다. 가족력이 없는 경우에는 심각한 스트레스와 관련되어 생기기도 합니다. ④ 렘수면 행동 장애 렘 수면 행동 장애란 옆에서 자는 사람을 때리거나 환자가 침대에서 일어나 다가 다치는 증상을 말합니다. 렘수면 시기에는 정상적으로 근육의 긴장이 풀려야 하는데 이 소실이 제대로 되지 않아 꿈에서 하는 행동을 똑같 이 현실에서 하는 것입니다. ⑤ 수면 파괴 야간 수면 파괴는 밤에 잠을 잘 때 여러 번 깨는 것을 말합니다. 때때로 잠에서 깬 뒤 무의식적으로 음식을 찾아서 먹기도 합니다. ⑥ 입수기/입면기 환각 입수기/입면기 환각은 잠이 들려고 할 즈음 강렬하고 생생하며 무서운 경험을 하는 환각을 말합니다. 오감이 모두 느껴져서 실제와 구별하기가 어려운 경우도  있습니다. 수면 장애가 없더라도 나타날 수 있습니다. 그러나 수면 마비가 동반되고 환각이 자주 발생할 경우 불편감을 심하게 겪을 수 있으므로 정신과적 진료를 받아 보기를 권장합니다. ⑦ 수면 마비 수면 마비는 잠이 들거나 깰 때 움직이려고 하지만 움직일 수 없는 증상을 말합니다.,자가 폐경기 불편 환자 생기 환각 회복 하룻밤 권장 일과 인구 여러 반복 보기 구별 자연 위해 자주 변화 현실 기능 기도 코골 발생 이해 만성 장애 불면증 경험 본인 정신과 비중 각성 이상은 상태 단계 외상 내용 지적 아동 피로 음식 보행 주로 사이 침대 동반 발전 렘수 성인 현상 주기 도움 혼돈 악몽 부분 즈음 호흡 해당 하락 유발 시작 진료 기본 정상 기면증 시기 다가 사건 무의식 수면 파괴 질환 실제 의식 고산병 먹기 갱년기 불안 감정 자극 연구 몽유병 차지 섬유 마비 주체 갑자기 발작 야경증 어려움 역할 방해 종류 면역 우울증 맥박 호소 제대로 기억 자리 증후군 공포 초기 졸리 여성 일생 스트레스 가족 긴장 증상 근육 순간 소실 유지 일어나서 오감 기면병 행동 근육통 입수 시간대 야간 분리 온몸 라임병 육체 졸음 기면 관련 포함,가정의학과,2
편두통(Migraine),"구토, 박동성 통증, 빛이나 소리 공포증, 오심","측두동맥염, 근육 긴장성 두통, 군발성 두통 증후군, 두통","편두통은 머리 한쪽에서만 나타나는 두통을 가리키는 말로 사용되지만, 일측성, 박동성 통증이 일정 시간 이상 지속되고 구역과 구토 증상 및 빛과 소리 공포증이 나타나는 특징적인 두통을 의미합니다. 편두통은 연령 및 성별에 따라 유병률에 많은 차이가 있습니다. 편두통은 젊은 성인 여성에게서 많이 발생합니다. 편두통은 중등도 이상의 강도를 보이기 때문에 편두통 환자의 80% 정도가 두통으로 인하여 일상생활에 지장을 받는다고 합니다.","편두통을 유발하는 원인은 명확하게 밝혀지지 않았습니다. 다만 머리로 가는 혈류가 증가되어 혈관이 확장되면서 뇌에 있는 신경 섬유가 압박을 받아 두통이 발생한다는 혈관 가설이 오랜 기간 인정받은 편두통의 유발 요인입니다. 
 
혈관 가설은 편두통의 증상 중 전구 증상이나 조짐을 잘 설명할 수 없다는 한계가 있습니다. 이에 대하여 신경성 염증(neurogenic inflammation) 가설이 제시되었습니다. 그 내용은 다음과 같습니다. 두피 및 두개에 존재하는 혈관에 분포하는 신경 말단으로부터 혈관 작용성 펩타이드가 유리되어 혈관 확장, 혈장의 혈관 밖 수축 및 염증 반응이 유도됨으로써 두통이 일어난다는 것입니다. 이것이 신경 이론과 관련된 가설입니다. 
 
편두통 환자에게서 가족력이 보이는 경향이 확인되어 유전적 요인이 편두통과 관련이 있다고 생각됩니다. 매우 드물게 발생하는 편두통의 한 유형인 가족성 반신마비 편두통(familial hemiplegic migraine)에 관계되는 유전자는 지금까지 3개가 알려져 있습니다.","편두통의 증상은 전형적으로 전구 증상, 전조, 두통, 후구 증상의 4단계로 구분됩니다. 모든 환자가 네 단계를 겪는 것은 아닙니다. 한 환자라도 발작에 따라 구성이 달라질 수 있습니다. 
 
① 전구 증상(prodrome)
전구 증상은 발작이 있기 수 시간에서 수일 전에 환자의 30~40％가 경험합니다. 전형적인 전구 증상은 다음과 같습니다. 정신 및 기분 변화(예 : 우울, 분노, 다행감, 경조증), 목의 뻣뻣해짐, 오한(말초 혈관 수축), 나태, 피곤함, 심한 피로, 하품, 배뇨 빈도 증가, 식욕 부진, 변비 혹은 설사, 체액 저류, 음식에 대한 갈망과 같은 증상이 나타납니다.  
 
② 전조(aura)
전조는 한 가지 혹은 그 이상으로 다양하게 나타나는 신경학적 증상입니다. 전형적으로 한 시간 미만 지속되며, 그 이후에 두통이 수반됩니다. 전조증상의 유무는 편두통과 다른 두통을 구별시켜주는 증상입니다. 
 
전조는 신경 활동의 일시적인 저하가 광범위하게 나타나는 것과 관련이 있다고 생각됩니다. 전조 증상에서는 반대측 대뇌 반구에서 2차적으로 혈류가 감소하는데, 이러한 핍혈증(oligemia)의 파장은 피질을 가로질러 퍼지거나 진행되면서 그에 상응하는 증상이 나타납니다.
 
전조는 시각, 감각 및 운동 현상으로 이루어지거나 이러한 현상이 동시에 나타날 수 있습니다. 시각적인 전조는 가장 일반적인 형태로 암점(맹점) 혹은 섬휘암점(성채의 윗부분의 윤곽을 생각나게 하는 지그재그형 섬광성 암점)이 나타납니다. 섬휘암점(teichopsia)은 편두통 유발 특유의 증상이라고 할 수 있습니다. 
 
시각 왜곡과 환각은 어린이의 경우에 일반적으로 나타납니다. 이러한 환각의 일부는 변시증(metamorphosia; 물체의 형태가 일그러져 보이는 시력장애), 소시증(micropsia; 대상물이 실제보다 작게 보이는 형태), 줌 혹은 모자이크 환영을 포함하는 시각 장애와 같이 기괴한 형태로 나타날 수 있습니다.
 
감각 증상으로는 소위 지각 이상(paresthesia)이 종종 손에서 시작되어 가까운 부위로 퍼져 나가며, 간혹 혀나 입술이 연루되기도 합니다.
 
운동 장애 혹은 실어증(ahhasia; 말하기나 언어를 이해하기 어려움)은 전조증상 중에서도 혼란스러운 형태입니다.
 
전조의 일반적인 특징을 요약하면 다음과 같습니다.
 
전조가 편두통의 특징적인 증상이기는 하지만 편두통 환자의 단지 20％만이 전조를 경험합니다. 몇몇 의사는 전조 병력이 없는 경우를 편두통으로 진단하기를 주저합니다. 하지만 이런 접근은 편두통을 제대로 진단하지 못하는 중대한 실수로 이어질 수 있습니다. 아울러 드문 증례로서 전조가 두통을 수반하지 않고 존재하기도 합니다. 때로는 이것을 두통 없는 편두통(sans- migrane)이라고 합니다. 이러한 상황에서는 일과성 허혈성 발작을 감별 진단에 포함시켜야 합니다. 
 
③ 두통(headache)
두통 자체는 대부분 편측성이며 욱신욱신 쑤십니다. 하지만 두통은 양측성이나 전체적으로 나타날 수도 있습니다. 통증은 하루 중 어느 때나 나타날 수 있습니다. 하지만 아침에 일어날 때 두통이 시작되는 경우가 가장 많습니다. 이후 두통이 점차적으로 진행되다가 안정기에 도달한 다음 4~72시간 후에 진정됩니다. 통증은 일반적으로 신체 활동에 의해 악화되므로, 종종 환자를 어둡고 조용한 방으로 가서 휴식을 취할 수 있도록 해야 합니다. 편두통의 일반적인 증상으로 오심과 구토가 수반되어, 항편두통약 경구 투여가 어려워지기도 합니다. 
 
광선(눈부심; 광선공 포증), 소리(음성 공포증) 및 냄새(냄새 공포증)에 대한 민감성도 흔하게 나타나는 증상입니다.

 
④ 후구 증상(postdrome)
두통이 해소된 후 환자는 대부분 수 시간 동안 각기 다른 느낌을 받습니다. 절반 이상의 환자들에게 나타나는 증상에는 기분 및 지적 수준의 저하, 중력 손상, 불안정감, 무기력함, 혼란스러움 및 무뚝뚝함 등이 있습니다. 신체적 피로감 및 근육 쇠약도 일반적으로 나타납니다. 이러한 임상적 관찰은 두통이 끝난 후 24시간까지 뇌 혈류 및 EEG 기록의 시험 소견 이상으로 확인할 수 있습니다.",편두통은 병력과 증상에 근거해서 진단할 수 있습니다. 편두통을 진단하는 특별한 검사는 따로 없습니다. 대개 신체 검사와 신경 검사는 모두 정상으로 나옵니다. 컴퓨터 단층 촬영(CT)이나 자기 공명 영상(MRI)에서는 뇌 촬영을 하더라도 정상으로 나옵니다. 그러나 두통이 편두통의 전형적인 양상을 보이지 않거나 다른 걱정스러운 증상이 있는 경우에는 추가 검사를 진행할 수 있습니다. 진단에 의심이 있으면 뇌신경 질병을 전문으로 하는 신경과 의사의 진찰을 받는 것을 권장합니다.,"편두통을 효과적으로 치료하기 위해서는 적절한 급성기 약물 요법을 통해 통증을 완화시키면서 두통의 빈도와 강도, 지속 시간을 줄이기 위한 예방 요법을 병행해야 합니다. 편두통이 발생하면 약물 복용을 통하여 최대한 빨리 두통과 동반 증상을 멈추거나 완화하는 것이 필요합니다. 편두통 발작이 시작되면 즉시 급성기 약물을 투여해야 합니다. 약물을 빨리 투여할수록 더 효과적입니다.
 
일반적인 진통제, 카펠고트 등이 포함된 복합 진통제는 과거에 이러한 진통제를 통해 효과를 보았던 환자에서 사용할 수 있습니다. 하지만 환자가 약물을 남용하면 약물 과용 두통으로 증상이 변형될 수 있기 때문에 주의해야 합니다.
 
편두통에 특이적으로 사용하는 급성기 약물로는 수마트립탄(sumatriptan), 졸미트립탄(zolmitriptan), 나라트립탄(naratriptan) 등이 있습니다. 이는 비교적 부작용이 적지만 일부 가슴 또는 흉부의 압박감, 저림, 이상한 느낌 등을 초래할 수 있으며, 관상 동맥을 수축시킬 수 있습니다. 따라서 허혈성 심장 질환을 가진 환자의 경우에는 이러한 약물의 사용에 주의해야 합니다.
 
비약물적 치료법으로는 편두통을 일으키는 인자를 피함으로써 편두통을 예방하는 방법이 있습니다. 편두통의 흔한 유발 인자로는 정서적 스트레스, 수면 부족, 피로, 소음, 생리가 있습니다. 편두통을 유발하는 음식으로는 치즈, 소시지, 햄, 베이컨, 초콜릿, 카페인 함유 음식 등이 있습니다. 편두통을 유발하는 약물로는 항고혈압제, 제산제, 진통 소염제 등이 있습니다.
 
식이 조절도 중요합니다. 편두통을 유발하는 타이라민이 포함된 치즈, 초콜릿, 밀감, 커피, 적포도주는 주의해야 합니다. 우유 제품, 견과류, 소금, 토마토, 코코넛 등도 조심해야 합니다.
 
편두통은 스트레스가 원인이 될 수 있습니다. 이에 환자는 안정을 취하고 대인 관계를 개선하며 긍정적인 사고를 하면서 스트레스를 줄이기 위하여 많은 노력을 해야 합니다. 일단 편두통 증상이 발생하였을 경우에는 수면을 취하도록 합니다. 또한 통증 부위에 냉찜질을 함으로써 통증을 저하시킬 수도 있습니다.",구토 박동성 통증 빛이나 소리 공포증 오심 측두동맥염 근육 긴장성 두통 군 발성 두통 증후군 두통 편두통은 머리 한쪽에서만 나타나는 두통을 가리키는 말로 사용되지만 일 측성 박동성 통증이 일 정 시간 이상 지속되고 구역과 구토 증상 및 빛과 소리 공포증이 나타나는 특징적인 두통을 의 미합니다. 편두통은 연령 및 성별에 따라 유병률에 많은 차이가 있습니다. 편두 통은 젊은 성인 여성에게서 많이 발생합니다. 편두통은 중 등도 이상의 강도를 보이기 때문에 편두통 환자의 80% 정도가 두통으로 인하여 일 상생활에 지장을 받는다고 합니다. 편두통의 증상은 전형적으로 전구 증상 전조 두통 후 구 증상의 4단계로 구분됩니다. 모든 환자가 네 단계를 겪는 것은 아닙니다. 한 환자라도 발작에 따라 구성이 달라질 수 있습니다.   ① 전구 증상(prodrome) 전구 증상은 발작이 있기 수 시간에서 수일 전에 환자의 30~40％가 경험합니다. 전형적인 전구 증상은 다음과 같습니다. 정신 및 기분 변화(예 : 우울 분노 다행감 경조증) 목의 뻣뻣해 짐 오한(말초 혈관 수축) 나태 피곤함 심한 피로 하품 배뇨 빈도 증가 식욕 부진 변비 혹은 설사 체액 저류 음식에 대한 갈망과 같은  증상이 나타납니다. ② 전조(aura) 전조는 한 가지 혹은 그 이상으로 다양하게 나타나는 신경학적 증상입니다. 전형적으로 한 시간 미만 지속되며 그 이후에 두통이 수반됩니다. 전조 증상의 유무는 편두통과 다른 두통을 구별시켜주는 증상입니다. 전조는 신경 활동의 일시적인 저하가 광범위하게 나타나는 것과 관련이 있다고 생각됩니다. 전조 증상에서 는 반대 측 대뇌 반구에서 2차적으로 혈류가 감소하는데 이러한 핍혈증(oligemia)의 파장은 피질을 가로질러 퍼지거나 진행되면서 그에 상응하는 증상이 나타납니다. 전조는 시각 감각 및 운동 현상으로 이루어지거나 이러한 현상이 동시에 나타날 수 있습니다. 시각적인 전조는 가장 일반적인 형태로 암점(맹점) 혹은 섬 휘암점(성채의 윗부분의 윤곽을 생각나게  하는 지그재그 형 섬 광성 암점)이 나타납니다. 섬 휘암점(teichopsia)은 편두통 유발 특유의 증상이라고 할 수 있습니다. 시각 왜곡과 환각은 어린이의 경우에 일반적으로 나타납니다. 이러한 환각의 일부는 변시증(metam orphosia; 물체의 형태가 일그러져 보이는 시력 장애) 소시증(micropsia; 대상물이 실제보다 작게 보이는 형태) 줌  혹은 모자이크 환영을 포함하는 시각 장애와 같이 기 괴한 형태로 나타날 수 있습니다. 감각 증상으로는 소위 지각 이상(paresthesia)이 종종 손에서 시작되어 가까운 부위로 퍼져 나가며 간혹 혀 나 입술이 연루되기도 합니다. 운동 장애 혹은 실어증(ahhasia; 말하기나 언어를 이해하기 어려움)은 전조 증상 중에서도 혼란스러운 형태입니다.   전조의 일반적인 특징을 요약하면 다음과 같습니다. 전조가 편두통의 특징적인 증상이기는 하지만 편 두통 환자의 단지 20％만이 전조를 경험합니다. 몇몇 의사는 전조 병력이 없는 경우를 편 두통으로 진단하기를 주 저합니다. 하지만 이런 접근은 편두통을 제대로 진단하지 못하는 중대한 실수로 이어질 수 있습니다. 아울러 드문 증례로서 전조가 두통을 수반하지 않 고 존재하기도 합니다. 때로는 이것을 두통 없는 편두통(sans- migrane)이라고 합니다. 이러한 상황에서는 일과 성 허혈성 발작을 감별 진단에 포함시켜야 합니다. ③ 두통(headache) 두통 자체는 대부분 편 측성이며 욱신욱신 쑤십니다. 하지만 두통은 양측성이나 전체적으로 나타날 수도 있습니다. 통증은 하루 중 어느 때나 나타날 수 있습니다 . 하지만 아침에 일어날 때 두통이 시작되는 경우가 가장 많습니다. 이후 두통이 점차적으로 진행되다가 안정기에 도달한 다음 4~72시간 후에 진정됩니다. 통증은 일반적으로 신체 활동에 의해 악화되므로 종종 환자를 어둡고 조용한 방으로 가서 휴식을 취할 수 있도록 해야 합니다. 편두통의 일반적인 증상으로 오심과 구토가 수반되어 항편 두통약 경구 투여가 어려 워지기도 합니다. 광선(눈부심 ; 광선공 포증) 소리(음성 공포증) 및 냄새(냄새 공포증)에 대한 민감성도 흔하게 나타나는 증상입니다. ④ 후 구 증상(postdrome) 두통이 해소된 후 환자는 대부분 수 시간 동안 각기 다른 느낌을 받습니다. 절반 이상의 환자들에게 나타나는 증상에는 기분 및 지적 수준의 저하 중력 손상 불안정감 무기력함 혼란 스러움 및 무뚝뚝함 등이 있습니다. 신체적 피로감 및 근육 쇠약도 일반적으로 나타납니다. 이러한 임상적 관찰은 두통이 끝난 후 24시간까지 뇌 혈류 및 EEG 기록의 시험 소견 이상으로 확인할 수 있습니다.,오한 미만 환자 강도 두통 신체 광선 환각 휴식 반대 모든 일과 빛과 감별 항편 신경학 성채 반구 악화 구별 전구 수일 말초 혈류 변화 감소 손상 대한 기분 환영 경조증 상황 파장 기도 실어증 발생 일시 상응 이해 때로는 장애 연령 경험 차이 하품 유병률 수축 자체 단계 빈도 갈망 왜곡 물체 점차 취할 증례로 감각 지적 피로 음식 안정 신경 운동 변비 포증 배뇨 동시 소위 구역 몇몇 수준 정신 성인 저하 현상 대뇌 대상 접근 실수 이후 특징 대부분 나태 부분 소견 두통약 분노 유발 언어 시작 형태 혈관 특유 안정감 식욕 지각 수도 해소 무기 지장 통증 진정 공포증 측성 구토 병력 느낌 입술 우울 진행 실제 편두통 관찰 상적 혼란 전체 간혹 활동 전형 구분 진단 욱신욱신 오심 절반 성별 부위 발작 어려움 하루 지그재그 아침 부진 소시 발성 가장 제대로 어린이 연루 증후군 박동성 머리 괴한 말로 각기 여성 모자이크 이나 긴장 냄새 증상 근육 지속 중력 시력 존재 기록 요약 투여 피질 종종 눈부심 수반 다행감 경구 민감 윤곽 음성 생활 혈증 동맥 체액 일부 쇠약 전조 유무 물이 도달 한쪽 성도 시험 맹점 의사 확인 편두 증가 사용 구성 관련 포함,가정의학과,1
비만(Obesity),"관절통, 수면 무호흡, 호흡곤란, 고혈압, 불임, 관절염, 심혈관계 증상","간내 담석, 골관절염, 인슐린 의존성 당뇨병, 인슐린 비의존성 당뇨병, 당뇨망막병증, 여성 불임, 우울증, 지방간, 다낭성 난소 증후군, 대사 증후군, 수면 무호흡증, 고혈압","비만은 단순히 체중이 많이 나가는 것보다는 '체내에 과다하게 많은 양의 체지방이 쌓인 상태'를 의미합니다. 근육량이 많고 체지방 증가가 없는 드문 경우에는 체중이 많이 나가더라도 비만이라고 할 수 없습니다. 최근에는 전신의 체지방 축적보다 '복부 비만'이 중요하다는 사실이 알려졌습니다. 또한 피하지방보다 복강 내 내장지방의 축적이 중요하다는 연구가 제기되어 '내장지방형 비만'이라는 용어가 사용되고 있습니다.
 
1996년 세계보건기구는 '비만은 장기 치료가 필요한 질병'으로 규정하였습니다. 그 이후 비만은 현 인류가 극복해야 할 중요한 질병 중 하나로 인식되고 있습니다.","비만은 만성적으로 섭취하는 영양분에 비해 에너지 소비가 적어 여분의 에너지가 체지방의 형태로 축적되는 현상입니다. 즉, 섭취한 음식량에 비해 활동량이 부족할 때 생기는 것입니다. 이러한 단순한 개념에도 불구하고, 비만은 다양한 신경내분비학적 물질과 에너지 대사에 관련된 여러 요소의 이상이 유전적 또는 현상적으로 아주 복잡하게 연관되어 발생합니다. 불규칙한 식습관, 과다한 음식 섭취, 운동 부족, 내분비계통 질환, 유전적 요인, 정신적 요인 및 약물 등이 비만의 현실적 원인이 됩니다.","비만의 증상에는 겉으로 드러나는 현상, 숨찬 증상, 관절통 등이 있습니다. 이외에도 각종 합병증에 의한 매우 다양한 증상이 나타날 수 있습니다.","① 체질량 지수(Body Mass Index, BMI) 기준
체중(kg)을 신장(m)의 제곱으로 나눈 값을 체질량 지수라고 합니다. 이는 신장에 비해 체중이 적당한가를 파악하는 방법입니다. 특별한 장비를 필요로 하지 않기 때문에 가장 많이 쓰입니다. 다만 근육과 지방량을 구분하지 못하는 단점이 있습니다. 한편 서양인과 다른 동양인의 기준을 따로 마련하여 사용합니다. 체질량 지수가 25를 넘으면 비만이라고 합니다(참고 : 8.5~22.9 정상, 23.0~24.9 과체중, 25.0~29.9 비만, ≥30 고도비만)
 
② 생체전기저항 측정법(bioimpedence analysis, BIA)
생체전기저항 측정법을 이용한 체성분 분석 결과를 사용하여 비만을 진단합니다. 체지방률이 여성의 경우 30% 이상, 남성의 경우 25% 이상일 때 비만으로 진단합니다.
 
③ 허리둘레 기준
줄자로 허리둘레를 측정하여 복부 비만을 진단하는 방법입니다. 이는 전신 비만 이외에 복부 비만을 진단하는 보조적인 수단입니다. 동양인의 경우, 남성의 허리둘레가 90cm 이상, 여성의 허리둘레가 85cm(80cm를 기준으로 삼아야 한다고 주장하는 학회도 있음) 이상이면 복부 비만으로 진단합니다. 
 
④ 내장지방 기준
복부 비만을 좀 더 자세히 분석하기 위한 정밀한 수단으로는 복부 지방 CT 촬영이 있습니다. 촬영 결과 내장지방과 피하지방의 비율이 0.4 이상인 경우를 내장지방형 비만으로 진단합니다.","비만 치료의 목적은 비만과 연관된 합병증을 예방, 치료하는 것입니다. 비만이 호르몬 이상 등의 특별한 원인과 관련되는 매우 드문 경우에는 기저 질환을 치료하면 됩니다. 비만은 대부분 유전적이거나 후천적 요인에 의해 발생하는 복합적 현상입니다. 비만 치료의 기본은 생활습관의 변화입니다. 일상생활에서의 활동을 최대한 늘리기 위하여 짧은 거리는 걸어 다니고, 승강기 대신 계단을 이용하며, 텔레비전 시청을 피하고(특히 먹으면서 텔레비전을 시청하는 것), 식이조절 및 운동을 규칙적이고 꾸준하게 실천하는 것이 중요합니다. 
 
약물 치료로는 지방분해효소 억제제가 있습니다. 이는 체내 지방의 일부가 몸 밖으로 배출되도록 합니다. 부작용으로는 설사 및 지방변이 있습니다. 또한 식욕억제제를 비만치료제로 사용할 수 있습니다. 이는 의사와 상의한 후에 안전하게 사용해야 합니다.
 
합병증이 있는 고도 비만 환자의 경우, 위장관에 대한 비만 수술이 치료에 도움이 될 수 있습니다.",관절통 수면 무호흡 호흡곤란 고혈압 불임 관절염 심혈관계 증상 간 내 담석 골관절염 인슐린 의존성 당뇨병 인슐린 비의존성 당뇨병 당뇨망막병증 여성 불임 우울증 지방간 다낭성 난소 증후군 대사 증후군 수면 무호흡증 고혈압 비만은 단순히 체중이 많이 나가는 것보다는 '체내에 과다하게 많은 양의 체지방이 쌓인 상태'를 의 미합니다. 근육량이 많고 체지방 증가가  없는 드문 경우에는 체중이 많이 나가더라도 비만이라고 할 수 없습니다. 최근에는 전신의 체지방 축적보다 '복부 비만'이 중요하다는 사실이 알려졌습니다. 또한 피하 지방보다 복강 내 내장지방의 축적이 중요하다는 연구가 제기되어 '내장지방형 비만'이라는 용어가 사용되고 있습니다. 1996년 세계보건기구는 '비만은 장기 치료가 필요한 질병'으로 규정하였습니 다. 그 이후 비만은 현 인류가 극복해야 할 중요한 질병 중 하나로 인식되고 있습니다. 비만의 증상에는 겉으로 드러나는 현상 숨찬 증상 관절통 등이 있습니다. 이외에도 각종 합병증에 의 한 매우 다양한 증상이 나타날 수 있습니다.,관절염 병증 난소 체중 용어 극복 상태 의존 증후군 불임 담석 지방간 복부 관절통 내장 여성 규정 다낭 증상 고혈압 수면 축적 대사 지방 피하 인식 당뇨병 심혈관계 합병증 장기 망막 전신 세계보건기구 현상 인슐린 연구 질병 체내 사용 체지방 제기 이후 숨찬 최근 비만 복강 인류 치료 호흡 우울증 증가 당뇨,가정의학과,3
